Welcome to the MATLAB Reservoir Simulation Toolbox (MRST)!
You are using the development version at commit 8aaf7d2a45b07455b131ed1f04b5c5e17a458d1a

Useful commands for getting started:
 - List all introductory examples:   mrstExamples()
 - List all modules:                 mrstPath('list')
 - Load modules using GUI:           mrstModule('gui')
 - Explore all available data sets:  mrstDatasetGUI()
 - List examples of a module:        mrstExamples('ad-blackoil')
 - Explore modules and publications: mrstExploreModules()
 - Show all examples in all modules: mrstExamples('all')
 - Show settings for MRST:           mrstSettings()
 - Display this message:             mrstStartupMessage()

For assistance and discussions about MRST, please visit our mailing list at
	www.sintef.no/projectweb/mrst/forum/ (sintef-mrst@googlegroups.com)
For some common queries, see our FAQ: www.sintef.no/projectweb/mrst/faq/
warning: isdir is obsolete; use isfolder or dir_in_loadpath instead
Generating fine mesh. This could take several minutes.
Mesh fine: 105279 cells, min volume 1.561e-08
warning: No relperm points found in assignment of SGOF.
warning: called from
    assignSGOF>getFunctions at line 17 column 13
    assignSGOF at line 2 column 57
    initDeckADIFluid at line 116 column 19
    run_diffusion at line 54 column 7
    run at line 93 column 5

warning: No relperm points found in assignment of SGOF.
warning: called from
    assignSGOF>getFunctions at line 17 column 13
    assignSGOF at line 2 column 57
    initDeckADIFluid at line 116 column 19
    run_diffusion at line 54 column 7
    run at line 93 column 5

warning: No relperm points found in assignment of SGOF.
warning: called from
    assignSGOF>getFunctions at line 17 column 13
    assignSGOF at line 2 column 57
    initDeckADIFluid at line 116 column 19
    run_diffusion at line 54 column 7
    run at line 93 column 5

Solving timestep 01/69:         -> 720 Seconds
Solving timestep 02/69: 720 Seconds -> 1440 Seconds
Solver did not converge in 10 iterations for timestep of length 515 Seconds, 47 Milliseconds. Cutting timestep.
Solving timestep 03/69: 1440 Seconds -> 2160 Seconds
Solver did not converge in 10 iterations for timestep of length 359 Seconds, 682 Milliseconds. Cutting timestep.
Solving timestep 04/69: 2160 Seconds -> 2880 Seconds
Solving timestep 05/69: 2880 Seconds -> 1 Hour
warning: matrix singular to machine precision, rcond = 6.2468e-18
warning: called from
    solveLinearSystem at line 21 column 19
    solveLinearProblem at line 361 column 30
    stepFunction at line 739 column 39
    stepFunction at line 307 column 25
    solveMinistep at line 373 column 37
    solveTimestep at line 209 column 39
    simulateScheduleAD at line 295 column 29
    run_diffusion at line 147 column 28
    run at line 93 column 5

Solving timestep 06/69: 1 Hour  -> 2 Hours
warning: matrix singular to machine precision, rcond = 7.6771e-18
warning: called from
    solveLinearSystem at line 21 column 19
    solveLinearProblem at line 361 column 30
    stepFunction at line 739 column 39
    stepFunction at line 307 column 25
    solveMinistep at line 373 column 37
    solveTimestep at line 209 column 39
    simulateScheduleAD at line 295 column 29
    run_diffusion at line 147 column 28
    run at line 93 column 5

Solver did not converge in 10 iterations for timestep of length 283 Seconds, 209 Milliseconds. Cutting timestep.
Solving timestep 07/69: 2 Hours -> 3 Hours
warning: matrix singular to machine precision, rcond = 2.55065e-18
warning: called from
    solveLinearSystem at line 21 column 19
    solveLinearProblem at line 361 column 30
    stepFunction at line 739 column 39
    stepFunction at line 307 column 25
    solveMinistep at line 373 column 37
    solveTimestep at line 209 column 39
    simulateScheduleAD at line 295 column 29
    run_diffusion at line 147 column 28
    run at line 93 column 5

warning: matrix singular to machine precision, rcond = 2.22227e-17
warning: called from
    solveLinearSystem at line 21 column 19
    solveLinearProblem at line 361 column 30
    stepFunction at line 739 column 39
    stepFunction at line 307 column 25
    solveMinistep at line 373 column 37
    solveTimestep at line 209 column 39
    simulateScheduleAD at line 295 column 29
    run_diffusion at line 147 column 28
    run at line 93 column 5

warning: matrix singular to machine precision, rcond = 2.04433e-17
warning: called from
    solveLinearSystem at line 21 column 19
    solveLinearProblem at line 361 column 30
    stepFunction at line 739 column 39
    stepFunction at line 307 column 25
    solveMinistep at line 373 column 37
    solveTimestep at line 209 column 39
    simulateScheduleAD at line 295 column 29
    run_diffusion at line 147 column 28
    run at line 93 column 5

warning: matrix singular to machine precision, rcond = 2.10909e-17
warning: called from
    solveLinearSystem at line 21 column 19
    solveLinearProblem at line 361 column 30
    stepFunction at line 739 column 39
    stepFunction at line 307 column 25
    solveMinistep at line 373 column 37
    solveTimestep at line 209 column 39
    simulateScheduleAD at line 295 column 29
    run_diffusion at line 147 column 28
    run at line 93 column 5

warning: matrix singular to machine precision, rcond = 2.16263e-17
warning: called from
    solveLinearSystem at line 21 column 19
    solveLinearProblem at line 361 column 30
    stepFunction at line 739 column 39
    stepFunction at line 307 column 25
    solveMinistep at line 373 column 37
    solveTimestep at line 209 column 39
    simulateScheduleAD at line 295 column 29
    run_diffusion at line 147 column 28
    run at line 93 column 5

warning: matrix singular to machine precision, rcond = 1.4753e-19
warning: called from
    solveLinearSystem at line 21 column 19
    solveLinearProblem at line 361 column 30
    stepFunction at line 739 column 39
    stepFunction at line 307 column 25
    solveMinistep at line 373 column 37
    solveTimestep at line 209 column 39
    simulateScheduleAD at line 295 column 29
    run_diffusion at line 147 column 28
    run at line 93 column 5

warning: matrix singular to machine precision, rcond = 7.94539e-18
warning: called from
    solveLinearSystem at line 21 column 19
    solveLinearProblem at line 361 column 30
    stepFunction at line 739 column 39
    stepFunction at line 307 column 25
    solveMinistep at line 373 column 37
    solveTimestep at line 209 column 39
    simulateScheduleAD at line 295 column 29
    run_diffusion at line 147 column 28
    run at line 93 column 5

Solving timestep 08/69: 3 Hours -> 4 Hours
warning: matrix singular to machine precision, rcond = 1.49665e-17
warning: called from
    solveLinearSystem at line 21 column 19
    solveLinearProblem at line 361 column 30
    stepFunction at line 739 column 39
    stepFunction at line 307 column 25
    solveMinistep at line 373 column 37
    solveTimestep at line 209 column 39
    simulateScheduleAD at line 295 column 29
    run_diffusion at line 147 column 28
    run at line 93 column 5

Solving timestep 09/69: 4 Hours -> 5 Hours
Solving timestep 10/69: 5 Hours -> 6 Hours
warning: matrix singular to machine precision, rcond = 2.1871e-17
warning: called from
    solveLinearSystem at line 21 column 19
    solveLinearProblem at line 361 column 30
    stepFunction at line 739 column 39
    stepFunction at line 307 column 25
    solveMinistep at line 373 column 37
    solveTimestep at line 209 column 39
    simulateScheduleAD at line 295 column 29
    run_diffusion at line 147 column 28
    run at line 93 column 5

Solving timestep 11/69: 6 Hours -> 7 Hours
warning: matrix singular to machine precision, rcond = 8.05388e-17
warning: called from
    solveLinearSystem at line 21 column 19
    solveLinearProblem at line 361 column 30
    stepFunction at line 739 column 39
    stepFunction at line 307 column 25
    solveMinistep at line 373 column 37
    solveTimestep at line 209 column 39
    simulateScheduleAD at line 295 column 29
    run_diffusion at line 147 column 28
    run at line 93 column 5

warning: matrix singular to machine precision, rcond = 4.87235e-17
warning: called from
    solveLinearSystem at line 21 column 19
    solveLinearProblem at line 361 column 30
    stepFunction at line 739 column 39
    stepFunction at line 307 column 25
    solveMinistep at line 373 column 37
    solveTimestep at line 209 column 39
    simulateScheduleAD at line 295 column 29
    run_diffusion at line 147 column 28
    run at line 93 column 5

warning: matrix singular to machine precision, rcond = 1.40171e-17
warning: called from
    solveLinearSystem at line 21 column 19
    solveLinearProblem at line 361 column 30
    stepFunction at line 739 column 39
    stepFunction at line 307 column 25
    solveMinistep at line 373 column 37
    solveTimestep at line 209 column 39
    simulateScheduleAD at line 295 column 29
    run_diffusion at line 147 column 28
    run at line 93 column 5

warning: matrix singular to machine precision, rcond = 1.12942e-17
warning: called from
    solveLinearSystem at line 21 column 19
    solveLinearProblem at line 361 column 30
    stepFunction at line 739 column 39
    stepFunction at line 307 column 25
    solveMinistep at line 373 column 37
    solveTimestep at line 209 column 39
    simulateScheduleAD at line 295 column 29
    run_diffusion at line 147 column 28
    run at line 93 column 5

warning: matrix singular to machine precision, rcond = 1.15733e-17
warning: called from
    solveLinearSystem at line 21 column 19
    solveLinearProblem at line 361 column 30
    stepFunction at line 739 column 39
    stepFunction at line 307 column 25
    solveMinistep at line 373 column 37
    solveTimestep at line 209 column 39
    simulateScheduleAD at line 295 column 29
    run_diffusion at line 147 column 28
    run at line 93 column 5

warning: matrix singular to machine precision, rcond = 1.77786e-17
warning: called from
    solveLinearSystem at line 21 column 19
    solveLinearProblem at line 361 column 30
    stepFunction at line 739 column 39
    stepFunction at line 307 column 25
    solveMinistep at line 373 column 37
    solveTimestep at line 209 column 39
    simulateScheduleAD at line 295 column 29
    run_diffusion at line 147 column 28
    run at line 93 column 5

warning: matrix singular to machine precision, rcond = 1.30861e-17
warning: called from
    solveLinearSystem at line 21 column 19
    solveLinearProblem at line 361 column 30
    stepFunction at line 739 column 39
    stepFunction at line 307 column 25
    solveMinistep at line 373 column 37
    solveTimestep at line 209 column 39
    simulateScheduleAD at line 295 column 29
    run_diffusion at line 147 column 28
    run at line 93 column 5

warning: matrix singular to machine precision, rcond = 1.27362e-17
warning: called from
    solveLinearSystem at line 21 column 19
    solveLinearProblem at line 361 column 30
    stepFunction at line 739 column 39
    stepFunction at line 307 column 25
    solveMinistep at line 373 column 37
    solveTimestep at line 209 column 39
    simulateScheduleAD at line 295 column 29
    run_diffusion at line 147 column 28
    run at line 93 column 5

warning: matrix singular to machine precision, rcond = 1.37249e-17
warning: called from
    solveLinearSystem at line 21 column 19
    solveLinearProblem at line 361 column 30
    stepFunction at line 739 column 39
    stepFunction at line 307 column 25
    solveMinistep at line 373 column 37
    solveTimestep at line 209 column 39
    simulateScheduleAD at line 295 column 29
    run_diffusion at line 147 column 28
    run at line 93 column 5

warning: matrix singular to machine precision, rcond = 1.37579e-17
warning: called from
    solveLinearSystem at line 21 column 19
    solveLinearProblem at line 361 column 30
    stepFunction at line 739 column 39
    stepFunction at line 307 column 25
    solveMinistep at line 373 column 37
    solveTimestep at line 209 column 39
    simulateScheduleAD at line 295 column 29
    run_diffusion at line 147 column 28
    run at line 93 column 5

warning: matrix singular to machine precision, rcond = 3.19262e-17
warning: called from
    solveLinearSystem at line 21 column 19
    solveLinearProblem at line 361 column 30
    stepFunction at line 739 column 39
    stepFunction at line 307 column 25
    solveMinistep at line 373 column 37
    solveTimestep at line 209 column 39
    simulateScheduleAD at line 295 column 29
    run_diffusion at line 147 column 28
    run at line 93 column 5

warning: matrix singular to machine precision, rcond = 1.44558e-18
warning: called from
    solveLinearSystem at line 21 column 19
    solveLinearProblem at line 361 column 30
    stepFunction at line 739 column 39
    stepFunction at line 307 column 25
    solveMinistep at line 373 column 37
    solveTimestep at line 209 column 39
    simulateScheduleAD at line 295 column 29
    run_diffusion at line 147 column 28
    run at line 93 column 5

Solving timestep 12/69: 7 Hours -> 8 Hours
warning: matrix singular to machine precision, rcond = 1.22063e-17
warning: called from
    solveLinearSystem at line 21 column 19
    solveLinearProblem at line 361 column 30
    stepFunction at line 739 column 39
    stepFunction at line 307 column 25
    solveMinistep at line 373 column 37
    solveTimestep at line 209 column 39
    simulateScheduleAD at line 295 column 29
    run_diffusion at line 147 column 28
    run at line 93 column 5

warning: matrix singular to machine precision, rcond = 1.05636e-17
warning: called from
    solveLinearSystem at line 21 column 19
    solveLinearProblem at line 361 column 30
    stepFunction at line 739 column 39
    stepFunction at line 307 column 25
    solveMinistep at line 373 column 37
    solveTimestep at line 209 column 39
    simulateScheduleAD at line 295 column 29
    run_diffusion at line 147 column 28
    run at line 93 column 5

warning: matrix singular to machine precision, rcond = 1.10815e-16
warning: called from
    solveLinearSystem at line 21 column 19
    solveLinearProblem at line 361 column 30
    stepFunction at line 739 column 39
    stepFunction at line 307 column 25
    solveMinistep at line 373 column 37
    solveTimestep at line 209 column 39
    simulateScheduleAD at line 295 column 29
    run_diffusion at line 147 column 28
    run at line 93 column 5

warning: matrix singular to machine precision, rcond = 9.74838e-17
warning: called from
    solveLinearSystem at line 21 column 19
    solveLinearProblem at line 361 column 30
    stepFunction at line 739 column 39
    stepFunction at line 307 column 25
    solveMinistep at line 373 column 37
    solveTimestep at line 209 column 39
    simulateScheduleAD at line 295 column 29
    run_diffusion at line 147 column 28
    run at line 93 column 5

warning: matrix singular to machine precision, rcond = 1.2253e-17
warning: called from
    solveLinearSystem at line 21 column 19
    solveLinearProblem at line 361 column 30
    stepFunction at line 739 column 39
    stepFunction at line 307 column 25
    solveMinistep at line 373 column 37
    solveTimestep at line 209 column 39
    simulateScheduleAD at line 295 column 29
    run_diffusion at line 147 column 28
    run at line 93 column 5

warning: matrix singular to machine precision, rcond = 1.25404e-17
warning: called from
    solveLinearSystem at line 21 column 19
    solveLinearProblem at line 361 column 30
    stepFunction at line 739 column 39
    stepFunction at line 307 column 25
    solveMinistep at line 373 column 37
    solveTimestep at line 209 column 39
    simulateScheduleAD at line 295 column 29
    run_diffusion at line 147 column 28
    run at line 93 column 5

warning: matrix singular to machine precision, rcond = 1.33909e-17
warning: called from
    solveLinearSystem at line 21 column 19
    solveLinearProblem at line 361 column 30
    stepFunction at line 739 column 39
    stepFunction at line 307 column 25
    solveMinistep at line 373 column 37
    solveTimestep at line 209 column 39
    simulateScheduleAD at line 295 column 29
    run_diffusion at line 147 column 28
    run at line 93 column 5

warning: matrix singular to machine precision, rcond = 1.3495e-17
warning: called from
    solveLinearSystem at line 21 column 19
    solveLinearProblem at line 361 column 30
    stepFunction at line 739 column 39
    stepFunction at line 307 column 25
    solveMinistep at line 373 column 37
    solveTimestep at line 209 column 39
    simulateScheduleAD at line 295 column 29
    run_diffusion at line 147 column 28
    run at line 93 column 5

warning: matrix singular to machine precision, rcond = 1.34959e-17
warning: called from
    solveLinearSystem at line 21 column 19
    solveLinearProblem at line 361 column 30
    stepFunction at line 739 column 39
    stepFunction at line 307 column 25
    solveMinistep at line 373 column 37
    solveTimestep at line 209 column 39
    simulateScheduleAD at line 295 column 29
    run_diffusion at line 147 column 28
    run at line 93 column 5

warning: matrix singular to machine precision, rcond = 1.35379e-17
warning: called from
    solveLinearSystem at line 21 column 19
    solveLinearProblem at line 361 column 30
    stepFunction at line 739 column 39
    stepFunction at line 307 column 25
    solveMinistep at line 373 column 37
    solveTimestep at line 209 column 39
    simulateScheduleAD at line 295 column 29
    run_diffusion at line 147 column 28
    run at line 93 column 5

warning: matrix singular to machine precision, rcond = 1.33532e-17
warning: called from
    solveLinearSystem at line 21 column 19
    solveLinearProblem at line 361 column 30
    stepFunction at line 739 column 39
    stepFunction at line 307 column 25
    solveMinistep at line 373 column 37
    solveTimestep at line 209 column 39
    simulateScheduleAD at line 295 column 29
    run_diffusion at line 147 column 28
    run at line 93 column 5

warning: matrix singular to machine precision, rcond = 1.34532e-17
warning: called from
    solveLinearSystem at line 21 column 19
    solveLinearProblem at line 361 column 30
    stepFunction at line 739 column 39
    stepFunction at line 307 column 25
    solveMinistep at line 373 column 37
    solveTimestep at line 209 column 39
    simulateScheduleAD at line 295 column 29
    run_diffusion at line 147 column 28
    run at line 93 column 5

warning: matrix singular to machine precision, rcond = 1.37898e-17
warning: called from
    solveLinearSystem at line 21 column 19
    solveLinearProblem at line 361 column 30
    stepFunction at line 739 column 39
    stepFunction at line 307 column 25
    solveMinistep at line 373 column 37
    solveTimestep at line 209 column 39
    simulateScheduleAD at line 295 column 29
    run_diffusion at line 147 column 28
    run at line 93 column 5

warning: matrix singular to machine precision, rcond = 1.42173e-17
warning: called from
    solveLinearSystem at line 21 column 19
    solveLinearProblem at line 361 column 30
    stepFunction at line 739 column 39
    stepFunction at line 307 column 25
    solveMinistep at line 373 column 37
    solveTimestep at line 209 column 39
    simulateScheduleAD at line 295 column 29
    run_diffusion at line 147 column 28
    run at line 93 column 5

warning: matrix singular to machine precision, rcond = 9.76608e-18
warning: called from
    solveLinearSystem at line 21 column 19
    solveLinearProblem at line 361 column 30
    stepFunction at line 739 column 39
    stepFunction at line 307 column 25
    solveMinistep at line 373 column 37
    solveTimestep at line 209 column 39
    simulateScheduleAD at line 295 column 29
    run_diffusion at line 147 column 28
    run at line 93 column 5

warning: matrix singular to machine precision, rcond = 1.06017e-17
warning: called from
    solveLinearSystem at line 21 column 19
    solveLinearProblem at line 361 column 30
    stepFunction at line 739 column 39
    stepFunction at line 307 column 25
    solveMinistep at line 373 column 37
    solveTimestep at line 209 column 39
    simulateScheduleAD at line 295 column 29
    run_diffusion at line 147 column 28
    run at line 93 column 5

warning: matrix singular to machine precision, rcond = 1.32069e-17
warning: called from
    solveLinearSystem at line 21 column 19
    solveLinearProblem at line 361 column 30
    stepFunction at line 739 column 39
    stepFunction at line 307 column 25
    solveMinistep at line 373 column 37
    solveTimestep at line 209 column 39
    simulateScheduleAD at line 295 column 29
    run_diffusion at line 147 column 28
    run at line 93 column 5

warning: matrix singular to machine precision, rcond = 1.35131e-17
warning: called from
    solveLinearSystem at line 21 column 19
    solveLinearProblem at line 361 column 30
    stepFunction at line 739 column 39
    stepFunction at line 307 column 25
    solveMinistep at line 373 column 37
    solveTimestep at line 209 column 39
    simulateScheduleAD at line 295 column 29
    run_diffusion at line 147 column 28
    run at line 93 column 5

warning: matrix singular to machine precision, rcond = 2.38934e-17
warning: called from
    solveLinearSystem at line 21 column 19
    solveLinearProblem at line 361 column 30
    stepFunction at line 739 column 39
    stepFunction at line 307 column 25
    solveMinistep at line 373 column 37
    solveTimestep at line 209 column 39
    simulateScheduleAD at line 295 column 29
    run_diffusion at line 147 column 28
    run at line 93 column 5

warning: matrix singular to machine precision, rcond = 2.46633e-17
warning: called from
    solveLinearSystem at line 21 column 19
    solveLinearProblem at line 361 column 30
    stepFunction at line 739 column 39
    stepFunction at line 307 column 25
    solveMinistep at line 373 column 37
    solveTimestep at line 209 column 39
    simulateScheduleAD at line 295 column 29
    run_diffusion at line 147 column 28
    run at line 93 column 5

warning: matrix singular to machine precision, rcond = 1.22973e-17
warning: called from
    solveLinearSystem at line 21 column 19
    solveLinearProblem at line 361 column 30
    stepFunction at line 739 column 39
    stepFunction at line 307 column 25
    solveMinistep at line 373 column 37
    solveTimestep at line 209 column 39
    simulateScheduleAD at line 295 column 29
    run_diffusion at line 147 column 28
    run at line 93 column 5

warning: matrix singular to machine precision, rcond = 1.72639e-17
warning: called from
    solveLinearSystem at line 21 column 19
    solveLinearProblem at line 361 column 30
    stepFunction at line 739 column 39
    stepFunction at line 307 column 25
    solveMinistep at line 373 column 37
    solveTimestep at line 209 column 39
    simulateScheduleAD at line 295 column 29
    run_diffusion at line 147 column 28
    run at line 93 column 5

warning: matrix singular to machine precision, rcond = 2.30755e-17
warning: called from
    solveLinearSystem at line 21 column 19
    solveLinearProblem at line 361 column 30
    stepFunction at line 739 column 39
    stepFunction at line 307 column 25
    solveMinistep at line 373 column 37
    solveTimestep at line 209 column 39
    simulateScheduleAD at line 295 column 29
    run_diffusion at line 147 column 28
    run at line 93 column 5

warning: matrix singular to machine precision, rcond = 2.1644e-17
warning: called from
    solveLinearSystem at line 21 column 19
    solveLinearProblem at line 361 column 30
    stepFunction at line 739 column 39
    stepFunction at line 307 column 25
    solveMinistep at line 373 column 37
    solveTimestep at line 209 column 39
    simulateScheduleAD at line 295 column 29
    run_diffusion at line 147 column 28
    run at line 93 column 5

warning: matrix singular to machine precision, rcond = 2.12933e-17
warning: called from
    solveLinearSystem at line 21 column 19
    solveLinearProblem at line 361 column 30
    stepFunction at line 739 column 39
    stepFunction at line 307 column 25
    solveMinistep at line 373 column 37
    solveTimestep at line 209 column 39
    simulateScheduleAD at line 295 column 29
    run_diffusion at line 147 column 28
    run at line 93 column 5

warning: matrix singular to machine precision, rcond = 2.26844e-17
warning: called from
    solveLinearSystem at line 21 column 19
    solveLinearProblem at line 361 column 30
    stepFunction at line 739 column 39
    stepFunction at line 307 column 25
    solveMinistep at line 373 column 37
    solveTimestep at line 209 column 39
    simulateScheduleAD at line 295 column 29
    run_diffusion at line 147 column 28
    run at line 93 column 5

warning: matrix singular to machine precision, rcond = 2.32047e-17
warning: called from
    solveLinearSystem at line 21 column 19
    solveLinearProblem at line 361 column 30
    stepFunction at line 739 column 39
    stepFunction at line 307 column 25
    solveMinistep at line 373 column 37
    solveTimestep at line 209 column 39
    simulateScheduleAD at line 295 column 29
    run_diffusion at line 147 column 28
    run at line 93 column 5

Solving timestep 13/69: 8 Hours -> 9 Hours
warning: matrix singular to machine precision, rcond = 9.03418e-19
warning: called from
    solveLinearSystem at line 21 column 19
    solveLinearProblem at line 361 column 30
    stepFunction at line 739 column 39
    stepFunction at line 307 column 25
    solveMinistep at line 373 column 37
    solveTimestep at line 209 column 39
    simulateScheduleAD at line 295 column 29
    run_diffusion at line 147 column 28
    run at line 93 column 5

warning: matrix singular to machine precision, rcond = 9.43462e-19
warning: called from
    solveLinearSystem at line 21 column 19
    solveLinearProblem at line 361 column 30
    stepFunction at line 739 column 39
    stepFunction at line 307 column 25
    solveMinistep at line 373 column 37
    solveTimestep at line 209 column 39
    simulateScheduleAD at line 295 column 29
    run_diffusion at line 147 column 28
    run at line 93 column 5

warning: matrix singular to machine precision, rcond = 8.70291e-19
warning: called from
    solveLinearSystem at line 21 column 19
    solveLinearProblem at line 361 column 30
    stepFunction at line 739 column 39
    stepFunction at line 307 column 25
    solveMinistep at line 373 column 37
    solveTimestep at line 209 column 39
    simulateScheduleAD at line 295 column 29
    run_diffusion at line 147 column 28
    run at line 93 column 5

warning: matrix singular to machine precision, rcond = 8.30858e-19
warning: called from
    solveLinearSystem at line 21 column 19
    solveLinearProblem at line 361 column 30
    stepFunction at line 739 column 39
    stepFunction at line 307 column 25
    solveMinistep at line 373 column 37
    solveTimestep at line 209 column 39
    simulateScheduleAD at line 295 column 29
    run_diffusion at line 147 column 28
    run at line 93 column 5

warning: matrix singular to machine precision, rcond = 9.48417e-19
warning: called from
    solveLinearSystem at line 21 column 19
    solveLinearProblem at line 361 column 30
    stepFunction at line 739 column 39
    stepFunction at line 307 column 25
    solveMinistep at line 373 column 37
    solveTimestep at line 209 column 39
    simulateScheduleAD at line 295 column 29
    run_diffusion at line 147 column 28
    run at line 93 column 5

warning: matrix singular to machine precision, rcond = 9.27554e-19
warning: called from
    solveLinearSystem at line 21 column 19
    solveLinearProblem at line 361 column 30
    stepFunction at line 739 column 39
    stepFunction at line 307 column 25
    solveMinistep at line 373 column 37
    solveTimestep at line 209 column 39
    simulateScheduleAD at line 295 column 29
    run_diffusion at line 147 column 28
    run at line 93 column 5

warning: matrix singular to machine precision, rcond = 8.34683e-19
warning: called from
    solveLinearSystem at line 21 column 19
    solveLinearProblem at line 361 column 30
    stepFunction at line 739 column 39
    stepFunction at line 307 column 25
    solveMinistep at line 373 column 37
    solveTimestep at line 209 column 39
    simulateScheduleAD at line 295 column 29
    run_diffusion at line 147 column 28
    run at line 93 column 5

warning: matrix singular to machine precision, rcond = 9.60326e-19
warning: called from
    solveLinearSystem at line 21 column 19
    solveLinearProblem at line 361 column 30
    stepFunction at line 739 column 39
    stepFunction at line 307 column 25
    solveMinistep at line 373 column 37
    solveTimestep at line 209 column 39
    simulateScheduleAD at line 295 column 29
    run_diffusion at line 147 column 28
    run at line 93 column 5

warning: matrix singular to machine precision, rcond = 9.52241e-19
warning: called from
    solveLinearSystem at line 21 column 19
    solveLinearProblem at line 361 column 30
    stepFunction at line 739 column 39
    stepFunction at line 307 column 25
    solveMinistep at line 373 column 37
    solveTimestep at line 209 column 39
    simulateScheduleAD at line 295 column 29
    run_diffusion at line 147 column 28
    run at line 93 column 5

warning: matrix singular to machine precision, rcond = 9.22855e-19
warning: called from
    solveLinearSystem at line 21 column 19
    solveLinearProblem at line 361 column 30
    stepFunction at line 739 column 39
    stepFunction at line 307 column 25
    solveMinistep at line 373 column 37
    solveTimestep at line 209 column 39
    simulateScheduleAD at line 295 column 29
    run_diffusion at line 147 column 28
    run at line 93 column 5

Solver did not converge in 10 iterations for timestep of length 878 Seconds, 214 Milliseconds. Cutting timestep.
warning: matrix singular to machine precision, rcond = 5.36665e-17
warning: called from
    solveLinearSystem at line 21 column 19
    solveLinearProblem at line 361 column 30
    stepFunction at line 739 column 39
    stepFunction at line 307 column 25
    solveMinistep at line 373 column 37
    solveTimestep at line 209 column 39
    simulateScheduleAD at line 295 column 29
    run_diffusion at line 147 column 28
    run at line 93 column 5

warning: matrix singular to machine precision, rcond = 1.92427e-17
warning: called from
    solveLinearSystem at line 21 column 19
    solveLinearProblem at line 361 column 30
    stepFunction at line 739 column 39
    stepFunction at line 307 column 25
    solveMinistep at line 373 column 37
    solveTimestep at line 209 column 39
    simulateScheduleAD at line 295 column 29
    run_diffusion at line 147 column 28
    run at line 93 column 5

warning: matrix singular to machine precision, rcond = 2.74095e-17
warning: called from
    solveLinearSystem at line 21 column 19
    solveLinearProblem at line 361 column 30
    stepFunction at line 739 column 39
    stepFunction at line 307 column 25
    solveMinistep at line 373 column 37
    solveTimestep at line 209 column 39
    simulateScheduleAD at line 295 column 29
    run_diffusion at line 147 column 28
    run at line 93 column 5

warning: matrix singular to machine precision, rcond = 1.89794e-17
warning: called from
    solveLinearSystem at line 21 column 19
    solveLinearProblem at line 361 column 30
    stepFunction at line 739 column 39
    stepFunction at line 307 column 25
    solveMinistep at line 373 column 37
    solveTimestep at line 209 column 39
    simulateScheduleAD at line 295 column 29
    run_diffusion at line 147 column 28
    run at line 93 column 5

warning: matrix singular to machine precision, rcond = 2.12064e-17
warning: called from
    solveLinearSystem at line 21 column 19
    solveLinearProblem at line 361 column 30
    stepFunction at line 739 column 39
    stepFunction at line 307 column 25
    solveMinistep at line 373 column 37
    solveTimestep at line 209 column 39
    simulateScheduleAD at line 295 column 29
    run_diffusion at line 147 column 28
    run at line 93 column 5

warning: matrix singular to machine precision, rcond = 3.23246e-17
warning: called from
    solveLinearSystem at line 21 column 19
    solveLinearProblem at line 361 column 30
    stepFunction at line 739 column 39
    stepFunction at line 307 column 25
    solveMinistep at line 373 column 37
    solveTimestep at line 209 column 39
    simulateScheduleAD at line 295 column 29
    run_diffusion at line 147 column 28
    run at line 93 column 5

warning: matrix singular to machine precision, rcond = 3.15431e-17
warning: called from
    solveLinearSystem at line 21 column 19
    solveLinearProblem at line 361 column 30
    stepFunction at line 739 column 39
    stepFunction at line 307 column 25
    solveMinistep at line 373 column 37
    solveTimestep at line 209 column 39
    simulateScheduleAD at line 295 column 29
    run_diffusion at line 147 column 28
    run at line 93 column 5

warning: matrix singular to machine precision, rcond = 3.65164e-17
warning: called from
    solveLinearSystem at line 21 column 19
    solveLinearProblem at line 361 column 30
    stepFunction at line 739 column 39
    stepFunction at line 307 column 25
    solveMinistep at line 373 column 37
    solveTimestep at line 209 column 39
    simulateScheduleAD at line 295 column 29
    run_diffusion at line 147 column 28
    run at line 93 column 5

warning: matrix singular to machine precision, rcond = 3.64287e-17
warning: called from
    solveLinearSystem at line 21 column 19
    solveLinearProblem at line 361 column 30
    stepFunction at line 739 column 39
    stepFunction at line 307 column 25
    solveMinistep at line 373 column 37
    solveTimestep at line 209 column 39
    simulateScheduleAD at line 295 column 29
    run_diffusion at line 147 column 28
    run at line 93 column 5

Solving timestep 14/69: 9 Hours -> 10 Hours
warning: matrix singular to machine precision, rcond = 8.51481e-19
warning: called from
    solveLinearSystem at line 21 column 19
    solveLinearProblem at line 361 column 30
    stepFunction at line 739 column 39
    stepFunction at line 307 column 25
    solveMinistep at line 373 column 37
    solveTimestep at line 209 column 39
    simulateScheduleAD at line 295 column 29
    run_diffusion at line 147 column 28
    run at line 93 column 5

warning: matrix singular to machine precision, rcond = 9.50236e-19
warning: called from
    solveLinearSystem at line 21 column 19
    solveLinearProblem at line 361 column 30
    stepFunction at line 739 column 39
    stepFunction at line 307 column 25
    solveMinistep at line 373 column 37
    solveTimestep at line 209 column 39
    simulateScheduleAD at line 295 column 29
    run_diffusion at line 147 column 28
    run at line 93 column 5

warning: matrix singular to machine precision, rcond = 8.13911e-18
warning: called from
    solveLinearSystem at line 21 column 19
    solveLinearProblem at line 361 column 30
    stepFunction at line 739 column 39
    stepFunction at line 307 column 25
    solveMinistep at line 373 column 37
    solveTimestep at line 209 column 39
    simulateScheduleAD at line 295 column 29
    run_diffusion at line 147 column 28
    run at line 93 column 5

warning: matrix singular to machine precision, rcond = 7.93793e-19
warning: called from
    solveLinearSystem at line 21 column 19
    solveLinearProblem at line 361 column 30
    stepFunction at line 739 column 39
    stepFunction at line 307 column 25
    solveMinistep at line 373 column 37
    solveTimestep at line 209 column 39
    simulateScheduleAD at line 295 column 29
    run_diffusion at line 147 column 28
    run at line 93 column 5

warning: matrix singular to machine precision, rcond = 9.01274e-19
warning: called from
    solveLinearSystem at line 21 column 19
    solveLinearProblem at line 361 column 30
    stepFunction at line 739 column 39
    stepFunction at line 307 column 25
    solveMinistep at line 373 column 37
    solveTimestep at line 209 column 39
    simulateScheduleAD at line 295 column 29
    run_diffusion at line 147 column 28
    run at line 93 column 5

warning: matrix singular to machine precision, rcond = 1.23962e-18
warning: called from
    solveLinearSystem at line 21 column 19
    solveLinearProblem at line 361 column 30
    stepFunction at line 739 column 39
    stepFunction at line 307 column 25
    solveMinistep at line 373 column 37
    solveTimestep at line 209 column 39
    simulateScheduleAD at line 295 column 29
    run_diffusion at line 147 column 28
    run at line 93 column 5

warning: matrix singular to machine precision, rcond = 8.2987e-19
warning: called from
    solveLinearSystem at line 21 column 19
    solveLinearProblem at line 361 column 30
    stepFunction at line 739 column 39
    stepFunction at line 307 column 25
    solveMinistep at line 373 column 37
    solveTimestep at line 209 column 39
    simulateScheduleAD at line 295 column 29
    run_diffusion at line 147 column 28
    run at line 93 column 5

warning: matrix singular to machine precision, rcond = 8.19558e-19
warning: called from
    solveLinearSystem at line 21 column 19
    solveLinearProblem at line 361 column 30
    stepFunction at line 739 column 39
    stepFunction at line 307 column 25
    solveMinistep at line 373 column 37
    solveTimestep at line 209 column 39
    simulateScheduleAD at line 295 column 29
    run_diffusion at line 147 column 28
    run at line 93 column 5

warning: matrix singular to machine precision, rcond = 8.62205e-19
warning: called from
    solveLinearSystem at line 21 column 19
    solveLinearProblem at line 361 column 30
    stepFunction at line 739 column 39
    stepFunction at line 307 column 25
    solveMinistep at line 373 column 37
    solveTimestep at line 209 column 39
    simulateScheduleAD at line 295 column 29
    run_diffusion at line 147 column 28
    run at line 93 column 5

Solver did not converge in 10 iterations for timestep of length 871 Seconds, 616 Milliseconds. Cutting timestep.
warning: matrix singular to machine precision, rcond = 7.08026e-18
warning: called from
    solveLinearSystem at line 21 column 19
    solveLinearProblem at line 361 column 30
    stepFunction at line 739 column 39
    stepFunction at line 307 column 25
    solveMinistep at line 373 column 37
    solveTimestep at line 209 column 39
    simulateScheduleAD at line 295 column 29
    run_diffusion at line 147 column 28
    run at line 93 column 5

warning: matrix singular to machine precision, rcond = 1.17951e-17
warning: called from
    solveLinearSystem at line 21 column 19
    solveLinearProblem at line 361 column 30
    stepFunction at line 739 column 39
    stepFunction at line 307 column 25
    solveMinistep at line 373 column 37
    solveTimestep at line 209 column 39
    simulateScheduleAD at line 295 column 29
    run_diffusion at line 147 column 28
    run at line 93 column 5

warning: matrix singular to machine precision, rcond = 1.00156e-16
warning: called from
    solveLinearSystem at line 21 column 19
    solveLinearProblem at line 361 column 30
    stepFunction at line 739 column 39
    stepFunction at line 307 column 25
    solveMinistep at line 373 column 37
    solveTimestep at line 209 column 39
    simulateScheduleAD at line 295 column 29
    run_diffusion at line 147 column 28
    run at line 93 column 5

warning: matrix singular to machine precision, rcond = 3.38155e-17
warning: called from
    solveLinearSystem at line 21 column 19
    solveLinearProblem at line 361 column 30
    stepFunction at line 739 column 39
    stepFunction at line 307 column 25
    solveMinistep at line 373 column 37
    solveTimestep at line 209 column 39
    simulateScheduleAD at line 295 column 29
    run_diffusion at line 147 column 28
    run at line 93 column 5

warning: matrix singular to machine precision, rcond = 1.27817e-17
warning: called from
    solveLinearSystem at line 21 column 19
    solveLinearProblem at line 361 column 30
    stepFunction at line 739 column 39
    stepFunction at line 307 column 25
    solveMinistep at line 373 column 37
    solveTimestep at line 209 column 39
    simulateScheduleAD at line 295 column 29
    run_diffusion at line 147 column 28
    run at line 93 column 5

warning: matrix singular to machine precision, rcond = 1.15218e-17
warning: called from
    solveLinearSystem at line 21 column 19
    solveLinearProblem at line 361 column 30
    stepFunction at line 739 column 39
    stepFunction at line 307 column 25
    solveMinistep at line 373 column 37
    solveTimestep at line 209 column 39
    simulateScheduleAD at line 295 column 29
    run_diffusion at line 147 column 28
    run at line 93 column 5

warning: matrix singular to machine precision, rcond = 9.90869e-18
warning: called from
    solveLinearSystem at line 21 column 19
    solveLinearProblem at line 361 column 30
    stepFunction at line 739 column 39
    stepFunction at line 307 column 25
    solveMinistep at line 373 column 37
    solveTimestep at line 209 column 39
    simulateScheduleAD at line 295 column 29
    run_diffusion at line 147 column 28
    run at line 93 column 5

warning: matrix singular to machine precision, rcond = 1.09584e-17
warning: called from
    solveLinearSystem at line 21 column 19
    solveLinearProblem at line 361 column 30
    stepFunction at line 739 column 39
    stepFunction at line 307 column 25
    solveMinistep at line 373 column 37
    solveTimestep at line 209 column 39
    simulateScheduleAD at line 295 column 29
    run_diffusion at line 147 column 28
    run at line 93 column 5

warning: matrix singular to machine precision, rcond = 1.07255e-17
warning: called from
    solveLinearSystem at line 21 column 19
    solveLinearProblem at line 361 column 30
    stepFunction at line 739 column 39
    stepFunction at line 307 column 25
    solveMinistep at line 373 column 37
    solveTimestep at line 209 column 39
    simulateScheduleAD at line 295 column 29
    run_diffusion at line 147 column 28
    run at line 93 column 5

warning: matrix singular to machine precision, rcond = 1.65692e-17
warning: called from
    solveLinearSystem at line 21 column 19
    solveLinearProblem at line 361 column 30
    stepFunction at line 739 column 39
    stepFunction at line 307 column 25
    solveMinistep at line 373 column 37
    solveTimestep at line 209 column 39
    simulateScheduleAD at line 295 column 29
    run_diffusion at line 147 column 28
    run at line 93 column 5

warning: matrix singular to machine precision, rcond = 9.73402e-18
warning: called from
    solveLinearSystem at line 21 column 19
    solveLinearProblem at line 361 column 30
    stepFunction at line 739 column 39
    stepFunction at line 307 column 25
    solveMinistep at line 373 column 37
    solveTimestep at line 209 column 39
    simulateScheduleAD at line 295 column 29
    run_diffusion at line 147 column 28
    run at line 93 column 5

warning: matrix singular to machine precision, rcond = 1.64252e-17
warning: called from
    solveLinearSystem at line 21 column 19
    solveLinearProblem at line 361 column 30
    stepFunction at line 739 column 39
    stepFunction at line 307 column 25
    solveMinistep at line 373 column 37
    solveTimestep at line 209 column 39
    simulateScheduleAD at line 295 column 29
    run_diffusion at line 147 column 28
    run at line 93 column 5

warning: matrix singular to machine precision, rcond = 1.59732e-17
warning: called from
    solveLinearSystem at line 21 column 19
    solveLinearProblem at line 361 column 30
    stepFunction at line 739 column 39
    stepFunction at line 307 column 25
    solveMinistep at line 373 column 37
    solveTimestep at line 209 column 39
    simulateScheduleAD at line 295 column 29
    run_diffusion at line 147 column 28
    run at line 93 column 5

warning: matrix singular to machine precision, rcond = 1.60543e-17
warning: called from
    solveLinearSystem at line 21 column 19
    solveLinearProblem at line 361 column 30
    stepFunction at line 739 column 39
    stepFunction at line 307 column 25
    solveMinistep at line 373 column 37
    solveTimestep at line 209 column 39
    simulateScheduleAD at line 295 column 29
    run_diffusion at line 147 column 28
    run at line 93 column 5

warning: matrix singular to machine precision, rcond = 1.61692e-17
warning: called from
    solveLinearSystem at line 21 column 19
    solveLinearProblem at line 361 column 30
    stepFunction at line 739 column 39
    stepFunction at line 307 column 25
    solveMinistep at line 373 column 37
    solveTimestep at line 209 column 39
    simulateScheduleAD at line 295 column 29
    run_diffusion at line 147 column 28
    run at line 93 column 5

warning: matrix singular to machine precision, rcond = 1.63391e-17
warning: called from
    solveLinearSystem at line 21 column 19
    solveLinearProblem at line 361 column 30
    stepFunction at line 739 column 39
    stepFunction at line 307 column 25
    solveMinistep at line 373 column 37
    solveTimestep at line 209 column 39
    simulateScheduleAD at line 295 column 29
    run_diffusion at line 147 column 28
    run at line 93 column 5

warning: matrix singular to machine precision, rcond = 1.12529e-17
warning: called from
    solveLinearSystem at line 21 column 19
    solveLinearProblem at line 361 column 30
    stepFunction at line 739 column 39
    stepFunction at line 307 column 25
    solveMinistep at line 373 column 37
    solveTimestep at line 209 column 39
    simulateScheduleAD at line 295 column 29
    run_diffusion at line 147 column 28
    run at line 93 column 5

warning: matrix singular to machine precision, rcond = 1.06036e-17
warning: called from
    solveLinearSystem at line 21 column 19
    solveLinearProblem at line 361 column 30
    stepFunction at line 739 column 39
    stepFunction at line 307 column 25
    solveMinistep at line 373 column 37
    solveTimestep at line 209 column 39
    simulateScheduleAD at line 295 column 29
    run_diffusion at line 147 column 28
    run at line 93 column 5

warning: matrix singular to machine precision, rcond = 1.28297e-17
warning: called from
    solveLinearSystem at line 21 column 19
    solveLinearProblem at line 361 column 30
    stepFunction at line 739 column 39
    stepFunction at line 307 column 25
    solveMinistep at line 373 column 37
    solveTimestep at line 209 column 39
    simulateScheduleAD at line 295 column 29
    run_diffusion at line 147 column 28
    run at line 93 column 5

warning: matrix singular to machine precision, rcond = 1.34233e-17
warning: called from
    solveLinearSystem at line 21 column 19
    solveLinearProblem at line 361 column 30
    stepFunction at line 739 column 39
    stepFunction at line 307 column 25
    solveMinistep at line 373 column 37
    solveTimestep at line 209 column 39
    simulateScheduleAD at line 295 column 29
    run_diffusion at line 147 column 28
    run at line 93 column 5

warning: matrix singular to machine precision, rcond = 1.41536e-17
warning: called from
    solveLinearSystem at line 21 column 19
    solveLinearProblem at line 361 column 30
    stepFunction at line 739 column 39
    stepFunction at line 307 column 25
    solveMinistep at line 373 column 37
    solveTimestep at line 209 column 39
    simulateScheduleAD at line 295 column 29
    run_diffusion at line 147 column 28
    run at line 93 column 5

warning: matrix singular to machine precision, rcond = 1.36706e-17
warning: called from
    solveLinearSystem at line 21 column 19
    solveLinearProblem at line 361 column 30
    stepFunction at line 739 column 39
    stepFunction at line 307 column 25
    solveMinistep at line 373 column 37
    solveTimestep at line 209 column 39
    simulateScheduleAD at line 295 column 29
    run_diffusion at line 147 column 28
    run at line 93 column 5

warning: matrix singular to machine precision, rcond = 1.38133e-17
warning: called from
    solveLinearSystem at line 21 column 19
    solveLinearProblem at line 361 column 30
    stepFunction at line 739 column 39
    stepFunction at line 307 column 25
    solveMinistep at line 373 column 37
    solveTimestep at line 209 column 39
    simulateScheduleAD at line 295 column 29
    run_diffusion at line 147 column 28
    run at line 93 column 5

Solver did not converge in 10 iterations for timestep of length 263 Seconds, 119 Milliseconds. Cutting timestep.
Solving timestep 15/69: 10 Hours -> 11 Hours
warning: matrix singular to machine precision, rcond = 3.30075e-18
warning: called from
    solveLinearSystem at line 21 column 19
    solveLinearProblem at line 361 column 30
    stepFunction at line 739 column 39
    stepFunction at line 307 column 25
    solveMinistep at line 373 column 37
    solveTimestep at line 209 column 39
    simulateScheduleAD at line 295 column 29
    run_diffusion at line 147 column 28
    run at line 93 column 5

warning: matrix singular to machine precision, rcond = 1.04192e-17
warning: called from
    solveLinearSystem at line 21 column 19
    solveLinearProblem at line 361 column 30
    stepFunction at line 739 column 39
    stepFunction at line 307 column 25
    solveMinistep at line 373 column 37
    solveTimestep at line 209 column 39
    simulateScheduleAD at line 295 column 29
    run_diffusion at line 147 column 28
    run at line 93 column 5

warning: matrix singular to machine precision, rcond = 7.20174e-17
warning: called from
    solveLinearSystem at line 21 column 19
    solveLinearProblem at line 361 column 30
    stepFunction at line 739 column 39
    stepFunction at line 307 column 25
    solveMinistep at line 373 column 37
    solveTimestep at line 209 column 39
    simulateScheduleAD at line 295 column 29
    run_diffusion at line 147 column 28
    run at line 93 column 5

warning: matrix singular to machine precision, rcond = 9.35515e-17
warning: called from
    solveLinearSystem at line 21 column 19
    solveLinearProblem at line 361 column 30
    stepFunction at line 739 column 39
    stepFunction at line 307 column 25
    solveMinistep at line 373 column 37
    solveTimestep at line 209 column 39
    simulateScheduleAD at line 295 column 29
    run_diffusion at line 147 column 28
    run at line 93 column 5

warning: matrix singular to machine precision, rcond = 9.8121e-18
warning: called from
    solveLinearSystem at line 21 column 19
    solveLinearProblem at line 361 column 30
    stepFunction at line 739 column 39
    stepFunction at line 307 column 25
    solveMinistep at line 373 column 37
    solveTimestep at line 209 column 39
    simulateScheduleAD at line 295 column 29
    run_diffusion at line 147 column 28
    run at line 93 column 5

warning: matrix singular to machine precision, rcond = 1.1536e-17
warning: called from
    solveLinearSystem at line 21 column 19
    solveLinearProblem at line 361 column 30
    stepFunction at line 739 column 39
    stepFunction at line 307 column 25
    solveMinistep at line 373 column 37
    solveTimestep at line 209 column 39
    simulateScheduleAD at line 295 column 29
    run_diffusion at line 147 column 28
    run at line 93 column 5

warning: matrix singular to machine precision, rcond = 1.10079e-17
warning: called from
    solveLinearSystem at line 21 column 19
    solveLinearProblem at line 361 column 30
    stepFunction at line 739 column 39
    stepFunction at line 307 column 25
    solveMinistep at line 373 column 37
    solveTimestep at line 209 column 39
    simulateScheduleAD at line 295 column 29
    run_diffusion at line 147 column 28
    run at line 93 column 5

warning: matrix singular to machine precision, rcond = 9.42989e-18
warning: called from
    solveLinearSystem at line 21 column 19
    solveLinearProblem at line 361 column 30
    stepFunction at line 739 column 39
    stepFunction at line 307 column 25
    solveMinistep at line 373 column 37
    solveTimestep at line 209 column 39
    simulateScheduleAD at line 295 column 29
    run_diffusion at line 147 column 28
    run at line 93 column 5

warning: matrix singular to machine precision, rcond = 9.61688e-18
warning: called from
    solveLinearSystem at line 21 column 19
    solveLinearProblem at line 361 column 30
    stepFunction at line 739 column 39
    stepFunction at line 307 column 25
    solveMinistep at line 373 column 37
    solveTimestep at line 209 column 39
    simulateScheduleAD at line 295 column 29
    run_diffusion at line 147 column 28
    run at line 93 column 5

warning: matrix singular to machine precision, rcond = 1.04244e-17
warning: called from
    solveLinearSystem at line 21 column 19
    solveLinearProblem at line 361 column 30
    stepFunction at line 739 column 39
    stepFunction at line 307 column 25
    solveMinistep at line 373 column 37
    solveTimestep at line 209 column 39
    simulateScheduleAD at line 295 column 29
    run_diffusion at line 147 column 28
    run at line 93 column 5

warning: matrix singular to machine precision, rcond = 1.03938e-17
warning: called from
    solveLinearSystem at line 21 column 19
    solveLinearProblem at line 361 column 30
    stepFunction at line 739 column 39
    stepFunction at line 307 column 25
    solveMinistep at line 373 column 37
    solveTimestep at line 209 column 39
    simulateScheduleAD at line 295 column 29
    run_diffusion at line 147 column 28
    run at line 93 column 5

Solver did not converge in 10 iterations for timestep of length 566 Seconds, 410 Milliseconds. Cutting timestep.
Solver did not converge in 10 iterations for timestep of length 368 Seconds, 167 Milliseconds. Cutting timestep.
Solver did not converge in 10 iterations for timestep of length 184 Seconds, 83 Milliseconds. Cutting timestep.
Solver did not converge in 10 iterations for timestep of length 149 Seconds, 567 Milliseconds. Cutting timestep.
warning: matrix singular to machine precision, rcond = 1.27942e-17
warning: called from
    solveLinearSystem at line 21 column 19
    solveLinearProblem at line 361 column 30
    stepFunction at line 739 column 39
    stepFunction at line 307 column 25
    solveMinistep at line 373 column 37
    solveTimestep at line 209 column 39
    simulateScheduleAD at line 295 column 29
    run_diffusion at line 147 column 28
    run at line 93 column 5

warning: matrix singular to machine precision, rcond = 7.42138e-17
warning: called from
    solveLinearSystem at line 21 column 19
    solveLinearProblem at line 361 column 30
    stepFunction at line 739 column 39
    stepFunction at line 307 column 25
    solveMinistep at line 373 column 37
    solveTimestep at line 209 column 39
    simulateScheduleAD at line 295 column 29
    run_diffusion at line 147 column 28
    run at line 93 column 5

warning: matrix singular to machine precision, rcond = 9.81267e-18
warning: called from
    solveLinearSystem at line 21 column 19
    solveLinearProblem at line 361 column 30
    stepFunction at line 739 column 39
    stepFunction at line 307 column 25
    solveMinistep at line 373 column 37
    solveTimestep at line 209 column 39
    simulateScheduleAD at line 295 column 29
    run_diffusion at line 147 column 28
    run at line 93 column 5

warning: matrix singular to machine precision, rcond = 1.29775e-17
warning: called from
    solveLinearSystem at line 21 column 19
    solveLinearProblem at line 361 column 30
    stepFunction at line 739 column 39
    stepFunction at line 307 column 25
    solveMinistep at line 373 column 37
    solveTimestep at line 209 column 39
    simulateScheduleAD at line 295 column 29
    run_diffusion at line 147 column 28
    run at line 93 column 5

warning: matrix singular to machine precision, rcond = 1.21731e-17
warning: called from
    solveLinearSystem at line 21 column 19
    solveLinearProblem at line 361 column 30
    stepFunction at line 739 column 39
    stepFunction at line 307 column 25
    solveMinistep at line 373 column 37
    solveTimestep at line 209 column 39
    simulateScheduleAD at line 295 column 29
    run_diffusion at line 147 column 28
    run at line 93 column 5

warning: matrix singular to machine precision, rcond = 1.27089e-17
warning: called from
    solveLinearSystem at line 21 column 19
    solveLinearProblem at line 361 column 30
    stepFunction at line 739 column 39
    stepFunction at line 307 column 25
    solveMinistep at line 373 column 37
    solveTimestep at line 209 column 39
    simulateScheduleAD at line 295 column 29
    run_diffusion at line 147 column 28
    run at line 93 column 5

warning: matrix singular to machine precision, rcond = 1.28464e-17
warning: called from
    solveLinearSystem at line 21 column 19
    solveLinearProblem at line 361 column 30
    stepFunction at line 739 column 39
    stepFunction at line 307 column 25
    solveMinistep at line 373 column 37
    solveTimestep at line 209 column 39
    simulateScheduleAD at line 295 column 29
    run_diffusion at line 147 column 28
    run at line 93 column 5

Solving timestep 16/69: 11 Hours -> 12 Hours
warning: matrix singular to machine precision, rcond = 2.37886e-17
warning: called from
    solveLinearSystem at line 21 column 19
    solveLinearProblem at line 361 column 30
    stepFunction at line 739 column 39
    stepFunction at line 307 column 25
    solveMinistep at line 373 column 37
    solveTimestep at line 209 column 39
    simulateScheduleAD at line 295 column 29
    run_diffusion at line 147 column 28
    run at line 93 column 5

warning: matrix singular to machine precision, rcond = 2.70662e-17
warning: called from
    solveLinearSystem at line 21 column 19
    solveLinearProblem at line 361 column 30
    stepFunction at line 739 column 39
    stepFunction at line 307 column 25
    solveMinistep at line 373 column 37
    solveTimestep at line 209 column 39
    simulateScheduleAD at line 295 column 29
    run_diffusion at line 147 column 28
    run at line 93 column 5

warning: matrix singular to machine precision, rcond = 3.04717e-17
warning: called from
    solveLinearSystem at line 21 column 19
    solveLinearProblem at line 361 column 30
    stepFunction at line 739 column 39
    stepFunction at line 307 column 25
    solveMinistep at line 373 column 37
    solveTimestep at line 209 column 39
    simulateScheduleAD at line 295 column 29
    run_diffusion at line 147 column 28
    run at line 93 column 5

warning: matrix singular to machine precision, rcond = 1.9097e-17
warning: called from
    solveLinearSystem at line 21 column 19
    solveLinearProblem at line 361 column 30
    stepFunction at line 739 column 39
    stepFunction at line 307 column 25
    solveMinistep at line 373 column 37
    solveTimestep at line 209 column 39
    simulateScheduleAD at line 295 column 29
    run_diffusion at line 147 column 28
    run at line 93 column 5

warning: matrix singular to machine precision, rcond = 2.26546e-17
warning: called from
    solveLinearSystem at line 21 column 19
    solveLinearProblem at line 361 column 30
    stepFunction at line 739 column 39
    stepFunction at line 307 column 25
    solveMinistep at line 373 column 37
    solveTimestep at line 209 column 39
    simulateScheduleAD at line 295 column 29
    run_diffusion at line 147 column 28
    run at line 93 column 5

warning: matrix singular to machine precision, rcond = 2.22392e-17
warning: called from
    solveLinearSystem at line 21 column 19
    solveLinearProblem at line 361 column 30
    stepFunction at line 739 column 39
    stepFunction at line 307 column 25
    solveMinistep at line 373 column 37
    solveTimestep at line 209 column 39
    simulateScheduleAD at line 295 column 29
    run_diffusion at line 147 column 28
    run at line 93 column 5

warning: matrix singular to machine precision, rcond = 2.35821e-17
warning: called from
    solveLinearSystem at line 21 column 19
    solveLinearProblem at line 361 column 30
    stepFunction at line 739 column 39
    stepFunction at line 307 column 25
    solveMinistep at line 373 column 37
    solveTimestep at line 209 column 39
    simulateScheduleAD at line 295 column 29
    run_diffusion at line 147 column 28
    run at line 93 column 5

warning: matrix singular to machine precision, rcond = 2.34979e-17
warning: called from
    solveLinearSystem at line 21 column 19
    solveLinearProblem at line 361 column 30
    stepFunction at line 739 column 39
    stepFunction at line 307 column 25
    solveMinistep at line 373 column 37
    solveTimestep at line 209 column 39
    simulateScheduleAD at line 295 column 29
    run_diffusion at line 147 column 28
    run at line 93 column 5

warning: matrix singular to machine precision, rcond = 2.34977e-17
warning: called from
    solveLinearSystem at line 21 column 19
    solveLinearProblem at line 361 column 30
    stepFunction at line 739 column 39
    stepFunction at line 307 column 25
    solveMinistep at line 373 column 37
    solveTimestep at line 209 column 39
    simulateScheduleAD at line 295 column 29
    run_diffusion at line 147 column 28
    run at line 93 column 5

warning: matrix singular to machine precision, rcond = 1.0363e-18
warning: called from
    solveLinearSystem at line 21 column 19
    solveLinearProblem at line 361 column 30
    stepFunction at line 739 column 39
    stepFunction at line 307 column 25
    solveMinistep at line 373 column 37
    solveTimestep at line 209 column 39
    simulateScheduleAD at line 295 column 29
    run_diffusion at line 147 column 28
    run at line 93 column 5

warning: matrix singular to machine precision, rcond = 1.14476e-18
warning: called from
    solveLinearSystem at line 21 column 19
    solveLinearProblem at line 361 column 30
    stepFunction at line 739 column 39
    stepFunction at line 307 column 25
    solveMinistep at line 373 column 37
    solveTimestep at line 209 column 39
    simulateScheduleAD at line 295 column 29
    run_diffusion at line 147 column 28
    run at line 93 column 5

warning: matrix singular to machine precision, rcond = 1.01274e-18
warning: called from
    solveLinearSystem at line 21 column 19
    solveLinearProblem at line 361 column 30
    stepFunction at line 739 column 39
    stepFunction at line 307 column 25
    solveMinistep at line 373 column 37
    solveTimestep at line 209 column 39
    simulateScheduleAD at line 295 column 29
    run_diffusion at line 147 column 28
    run at line 93 column 5

warning: matrix singular to machine precision, rcond = 1.03246e-18
warning: called from
    solveLinearSystem at line 21 column 19
    solveLinearProblem at line 361 column 30
    stepFunction at line 739 column 39
    stepFunction at line 307 column 25
    solveMinistep at line 373 column 37
    solveTimestep at line 209 column 39
    simulateScheduleAD at line 295 column 29
    run_diffusion at line 147 column 28
    run at line 93 column 5

warning: matrix singular to machine precision, rcond = 1.02526e-18
warning: called from
    solveLinearSystem at line 21 column 19
    solveLinearProblem at line 361 column 30
    stepFunction at line 739 column 39
    stepFunction at line 307 column 25
    solveMinistep at line 373 column 37
    solveTimestep at line 209 column 39
    simulateScheduleAD at line 295 column 29
    run_diffusion at line 147 column 28
    run at line 93 column 5

warning: matrix singular to machine precision, rcond = 1.01583e-18
warning: called from
    solveLinearSystem at line 21 column 19
    solveLinearProblem at line 361 column 30
    stepFunction at line 739 column 39
    stepFunction at line 307 column 25
    solveMinistep at line 373 column 37
    solveTimestep at line 209 column 39
    simulateScheduleAD at line 295 column 29
    run_diffusion at line 147 column 28
    run at line 93 column 5

warning: matrix singular to machine precision, rcond = 1.02646e-18
warning: called from
    solveLinearSystem at line 21 column 19
    solveLinearProblem at line 361 column 30
    stepFunction at line 739 column 39
    stepFunction at line 307 column 25
    solveMinistep at line 373 column 37
    solveTimestep at line 209 column 39
    simulateScheduleAD at line 295 column 29
    run_diffusion at line 147 column 28
    run at line 93 column 5

warning: matrix singular to machine precision, rcond = 1.00527e-18
warning: called from
    solveLinearSystem at line 21 column 19
    solveLinearProblem at line 361 column 30
    stepFunction at line 739 column 39
    stepFunction at line 307 column 25
    solveMinistep at line 373 column 37
    solveTimestep at line 209 column 39
    simulateScheduleAD at line 295 column 29
    run_diffusion at line 147 column 28
    run at line 93 column 5

warning: matrix singular to machine precision, rcond = 9.91954e-19
warning: called from
    solveLinearSystem at line 21 column 19
    solveLinearProblem at line 361 column 30
    stepFunction at line 739 column 39
    stepFunction at line 307 column 25
    solveMinistep at line 373 column 37
    solveTimestep at line 209 column 39
    simulateScheduleAD at line 295 column 29
    run_diffusion at line 147 column 28
    run at line 93 column 5

warning: matrix singular to machine precision, rcond = 9.9496e-19
warning: called from
    solveLinearSystem at line 21 column 19
    solveLinearProblem at line 361 column 30
    stepFunction at line 739 column 39
    stepFunction at line 307 column 25
    solveMinistep at line 373 column 37
    solveTimestep at line 209 column 39
    simulateScheduleAD at line 295 column 29
    run_diffusion at line 147 column 28
    run at line 93 column 5

warning: matrix singular to machine precision, rcond = 1.07183e-18
warning: called from
    solveLinearSystem at line 21 column 19
    solveLinearProblem at line 361 column 30
    stepFunction at line 739 column 39
    stepFunction at line 307 column 25
    solveMinistep at line 373 column 37
    solveTimestep at line 209 column 39
    simulateScheduleAD at line 295 column 29
    run_diffusion at line 147 column 28
    run at line 93 column 5

warning: matrix singular to machine precision, rcond = 1.14466e-18
warning: called from
    solveLinearSystem at line 21 column 19
    solveLinearProblem at line 361 column 30
    stepFunction at line 739 column 39
    stepFunction at line 307 column 25
    solveMinistep at line 373 column 37
    solveTimestep at line 209 column 39
    simulateScheduleAD at line 295 column 29
    run_diffusion at line 147 column 28
    run at line 93 column 5

warning: matrix singular to machine precision, rcond = 1.15187e-18
warning: called from
    solveLinearSystem at line 21 column 19
    solveLinearProblem at line 361 column 30
    stepFunction at line 739 column 39
    stepFunction at line 307 column 25
    solveMinistep at line 373 column 37
    solveTimestep at line 209 column 39
    simulateScheduleAD at line 295 column 29
    run_diffusion at line 147 column 28
    run at line 93 column 5

warning: matrix singular to machine precision, rcond = 1.06764e-18
warning: called from
    solveLinearSystem at line 21 column 19
    solveLinearProblem at line 361 column 30
    stepFunction at line 739 column 39
    stepFunction at line 307 column 25
    solveMinistep at line 373 column 37
    solveTimestep at line 209 column 39
    simulateScheduleAD at line 295 column 29
    run_diffusion at line 147 column 28
    run at line 93 column 5

warning: matrix singular to machine precision, rcond = 1.04873e-18
warning: called from
    solveLinearSystem at line 21 column 19
    solveLinearProblem at line 361 column 30
    stepFunction at line 739 column 39
    stepFunction at line 307 column 25
    solveMinistep at line 373 column 37
    solveTimestep at line 209 column 39
    simulateScheduleAD at line 295 column 29
    run_diffusion at line 147 column 28
    run at line 93 column 5

warning: matrix singular to machine precision, rcond = 1.07939e-18
warning: called from
    solveLinearSystem at line 21 column 19
    solveLinearProblem at line 361 column 30
    stepFunction at line 739 column 39
    stepFunction at line 307 column 25
    solveMinistep at line 373 column 37
    solveTimestep at line 209 column 39
    simulateScheduleAD at line 295 column 29
    run_diffusion at line 147 column 28
    run at line 93 column 5

warning: matrix singular to machine precision, rcond = 1.09163e-18
warning: called from
    solveLinearSystem at line 21 column 19
    solveLinearProblem at line 361 column 30
    stepFunction at line 739 column 39
    stepFunction at line 307 column 25
    solveMinistep at line 373 column 37
    solveTimestep at line 209 column 39
    simulateScheduleAD at line 295 column 29
    run_diffusion at line 147 column 28
    run at line 93 column 5

warning: matrix singular to machine precision, rcond = 1.03037e-18
warning: called from
    solveLinearSystem at line 21 column 19
    solveLinearProblem at line 361 column 30
    stepFunction at line 739 column 39
    stepFunction at line 307 column 25
    solveMinistep at line 373 column 37
    solveTimestep at line 209 column 39
    simulateScheduleAD at line 295 column 29
    run_diffusion at line 147 column 28
    run at line 93 column 5

warning: matrix singular to machine precision, rcond = 1.03557e-18
warning: called from
    solveLinearSystem at line 21 column 19
    solveLinearProblem at line 361 column 30
    stepFunction at line 739 column 39
    stepFunction at line 307 column 25
    solveMinistep at line 373 column 37
    solveTimestep at line 209 column 39
    simulateScheduleAD at line 295 column 29
    run_diffusion at line 147 column 28
    run at line 93 column 5

warning: matrix singular to machine precision, rcond = 1.03552e-18
warning: called from
    solveLinearSystem at line 21 column 19
    solveLinearProblem at line 361 column 30
    stepFunction at line 739 column 39
    stepFunction at line 307 column 25
    solveMinistep at line 373 column 37
    solveTimestep at line 209 column 39
    simulateScheduleAD at line 295 column 29
    run_diffusion at line 147 column 28
    run at line 93 column 5

Solver did not converge in 10 iterations for timestep of length 897 Seconds, 659 Milliseconds. Cutting timestep.
Solver did not converge in 10 iterations for timestep of length 448 Seconds, 829 Milliseconds. Cutting timestep.
Solver did not converge in 10 iterations for timestep of length 224 Seconds, 414 Milliseconds. Cutting timestep.
Solver did not converge in 10 iterations for timestep of length 208 Seconds, 385 Milliseconds. Cutting timestep.
Solving timestep 17/69: 12 Hours -> 13 Hours
warning: matrix singular to machine precision, rcond = 2.07846e-17
warning: called from
    solveLinearSystem at line 21 column 19
    solveLinearProblem at line 361 column 30
    stepFunction at line 739 column 39
    stepFunction at line 307 column 25
    solveMinistep at line 373 column 37
    solveTimestep at line 209 column 39
    simulateScheduleAD at line 295 column 29
    run_diffusion at line 147 column 28
    run at line 93 column 5

warning: matrix singular to machine precision, rcond = 2.27371e-17
warning: called from
    solveLinearSystem at line 21 column 19
    solveLinearProblem at line 361 column 30
    stepFunction at line 739 column 39
    stepFunction at line 307 column 25
    solveMinistep at line 373 column 37
    solveTimestep at line 209 column 39
    simulateScheduleAD at line 295 column 29
    run_diffusion at line 147 column 28
    run at line 93 column 5

warning: matrix singular to machine precision, rcond = 1.07991e-17
warning: called from
    solveLinearSystem at line 21 column 19
    solveLinearProblem at line 361 column 30
    stepFunction at line 739 column 39
    stepFunction at line 307 column 25
    solveMinistep at line 373 column 37
    solveTimestep at line 209 column 39
    simulateScheduleAD at line 295 column 29
    run_diffusion at line 147 column 28
    run at line 93 column 5

warning: matrix singular to machine precision, rcond = 1.17602e-17
warning: called from
    solveLinearSystem at line 21 column 19
    solveLinearProblem at line 361 column 30
    stepFunction at line 739 column 39
    stepFunction at line 307 column 25
    solveMinistep at line 373 column 37
    solveTimestep at line 209 column 39
    simulateScheduleAD at line 295 column 29
    run_diffusion at line 147 column 28
    run at line 93 column 5

warning: matrix singular to machine precision, rcond = 1.84777e-17
warning: called from
    solveLinearSystem at line 21 column 19
    solveLinearProblem at line 361 column 30
    stepFunction at line 739 column 39
    stepFunction at line 307 column 25
    solveMinistep at line 373 column 37
    solveTimestep at line 209 column 39
    simulateScheduleAD at line 295 column 29
    run_diffusion at line 147 column 28
    run at line 93 column 5

warning: matrix singular to machine precision, rcond = 1.64095e-17
warning: called from
    solveLinearSystem at line 21 column 19
    solveLinearProblem at line 361 column 30
    stepFunction at line 739 column 39
    stepFunction at line 307 column 25
    solveMinistep at line 373 column 37
    solveTimestep at line 209 column 39
    simulateScheduleAD at line 295 column 29
    run_diffusion at line 147 column 28
    run at line 93 column 5

warning: matrix singular to machine precision, rcond = 1.73967e-17
warning: called from
    solveLinearSystem at line 21 column 19
    solveLinearProblem at line 361 column 30
    stepFunction at line 739 column 39
    stepFunction at line 307 column 25
    solveMinistep at line 373 column 37
    solveTimestep at line 209 column 39
    simulateScheduleAD at line 295 column 29
    run_diffusion at line 147 column 28
    run at line 93 column 5

warning: matrix singular to machine precision, rcond = 1.79265e-17
warning: called from
    solveLinearSystem at line 21 column 19
    solveLinearProblem at line 361 column 30
    stepFunction at line 739 column 39
    stepFunction at line 307 column 25
    solveMinistep at line 373 column 37
    solveTimestep at line 209 column 39
    simulateScheduleAD at line 295 column 29
    run_diffusion at line 147 column 28
    run at line 93 column 5

warning: matrix singular to machine precision, rcond = 1.79264e-17
warning: called from
    solveLinearSystem at line 21 column 19
    solveLinearProblem at line 361 column 30
    stepFunction at line 739 column 39
    stepFunction at line 307 column 25
    solveMinistep at line 373 column 37
    solveTimestep at line 209 column 39
    simulateScheduleAD at line 295 column 29
    run_diffusion at line 147 column 28
    run at line 93 column 5

warning: matrix singular to machine precision, rcond = 3.40823e-17
warning: called from
    solveLinearSystem at line 21 column 19
    solveLinearProblem at line 361 column 30
    stepFunction at line 739 column 39
    stepFunction at line 307 column 25
    solveMinistep at line 373 column 37
    solveTimestep at line 209 column 39
    simulateScheduleAD at line 295 column 29
    run_diffusion at line 147 column 28
    run at line 93 column 5

warning: matrix singular to machine precision, rcond = 2.22621e-17
warning: called from
    solveLinearSystem at line 21 column 19
    solveLinearProblem at line 361 column 30
    stepFunction at line 739 column 39
    stepFunction at line 307 column 25
    solveMinistep at line 373 column 37
    solveTimestep at line 209 column 39
    simulateScheduleAD at line 295 column 29
    run_diffusion at line 147 column 28
    run at line 93 column 5

warning: matrix singular to machine precision, rcond = 1.64752e-17
warning: called from
    solveLinearSystem at line 21 column 19
    solveLinearProblem at line 361 column 30
    stepFunction at line 739 column 39
    stepFunction at line 307 column 25
    solveMinistep at line 373 column 37
    solveTimestep at line 209 column 39
    simulateScheduleAD at line 295 column 29
    run_diffusion at line 147 column 28
    run at line 93 column 5

warning: matrix singular to machine precision, rcond = 1.75522e-17
warning: called from
    solveLinearSystem at line 21 column 19
    solveLinearProblem at line 361 column 30
    stepFunction at line 739 column 39
    stepFunction at line 307 column 25
    solveMinistep at line 373 column 37
    solveTimestep at line 209 column 39
    simulateScheduleAD at line 295 column 29
    run_diffusion at line 147 column 28
    run at line 93 column 5

warning: matrix singular to machine precision, rcond = 3.3539e-17
warning: called from
    solveLinearSystem at line 21 column 19
    solveLinearProblem at line 361 column 30
    stepFunction at line 739 column 39
    stepFunction at line 307 column 25
    solveMinistep at line 373 column 37
    solveTimestep at line 209 column 39
    simulateScheduleAD at line 295 column 29
    run_diffusion at line 147 column 28
    run at line 93 column 5

warning: matrix singular to machine precision, rcond = 4.08463e-18
warning: called from
    solveLinearSystem at line 21 column 19
    solveLinearProblem at line 361 column 30
    stepFunction at line 739 column 39
    stepFunction at line 307 column 25
    solveMinistep at line 373 column 37
    solveTimestep at line 209 column 39
    simulateScheduleAD at line 295 column 29
    run_diffusion at line 147 column 28
    run at line 93 column 5

warning: matrix singular to machine precision, rcond = 3.24441e-17
warning: called from
    solveLinearSystem at line 21 column 19
    solveLinearProblem at line 361 column 30
    stepFunction at line 739 column 39
    stepFunction at line 307 column 25
    solveMinistep at line 373 column 37
    solveTimestep at line 209 column 39
    simulateScheduleAD at line 295 column 29
    run_diffusion at line 147 column 28
    run at line 93 column 5

warning: matrix singular to machine precision, rcond = 8.0194e-19
warning: called from
    solveLinearSystem at line 21 column 19
    solveLinearProblem at line 361 column 30
    stepFunction at line 739 column 39
    stepFunction at line 307 column 25
    solveMinistep at line 373 column 37
    solveTimestep at line 209 column 39
    simulateScheduleAD at line 295 column 29
    run_diffusion at line 147 column 28
    run at line 93 column 5

warning: matrix singular to machine precision, rcond = 1.23322e-18
warning: called from
    solveLinearSystem at line 21 column 19
    solveLinearProblem at line 361 column 30
    stepFunction at line 739 column 39
    stepFunction at line 307 column 25
    solveMinistep at line 373 column 37
    solveTimestep at line 209 column 39
    simulateScheduleAD at line 295 column 29
    run_diffusion at line 147 column 28
    run at line 93 column 5

warning: matrix singular to machine precision, rcond = 1.20341e-18
warning: called from
    solveLinearSystem at line 21 column 19
    solveLinearProblem at line 361 column 30
    stepFunction at line 739 column 39
    stepFunction at line 307 column 25
    solveMinistep at line 373 column 37
    solveTimestep at line 209 column 39
    simulateScheduleAD at line 295 column 29
    run_diffusion at line 147 column 28
    run at line 93 column 5

warning: matrix singular to machine precision, rcond = 1.18178e-18
warning: called from
    solveLinearSystem at line 21 column 19
    solveLinearProblem at line 361 column 30
    stepFunction at line 739 column 39
    stepFunction at line 307 column 25
    solveMinistep at line 373 column 37
    solveTimestep at line 209 column 39
    simulateScheduleAD at line 295 column 29
    run_diffusion at line 147 column 28
    run at line 93 column 5

warning: matrix singular to machine precision, rcond = 1.21837e-18
warning: called from
    solveLinearSystem at line 21 column 19
    solveLinearProblem at line 361 column 30
    stepFunction at line 739 column 39
    stepFunction at line 307 column 25
    solveMinistep at line 373 column 37
    solveTimestep at line 209 column 39
    simulateScheduleAD at line 295 column 29
    run_diffusion at line 147 column 28
    run at line 93 column 5

warning: matrix singular to machine precision, rcond = 1.16712e-18
warning: called from
    solveLinearSystem at line 21 column 19
    solveLinearProblem at line 361 column 30
    stepFunction at line 739 column 39
    stepFunction at line 307 column 25
    solveMinistep at line 373 column 37
    solveTimestep at line 209 column 39
    simulateScheduleAD at line 295 column 29
    run_diffusion at line 147 column 28
    run at line 93 column 5

warning: matrix singular to machine precision, rcond = 1.1339e-18
warning: called from
    solveLinearSystem at line 21 column 19
    solveLinearProblem at line 361 column 30
    stepFunction at line 739 column 39
    stepFunction at line 307 column 25
    solveMinistep at line 373 column 37
    solveTimestep at line 209 column 39
    simulateScheduleAD at line 295 column 29
    run_diffusion at line 147 column 28
    run at line 93 column 5

warning: matrix singular to machine precision, rcond = 1.12312e-18
warning: called from
    solveLinearSystem at line 21 column 19
    solveLinearProblem at line 361 column 30
    stepFunction at line 739 column 39
    stepFunction at line 307 column 25
    solveMinistep at line 373 column 37
    solveTimestep at line 209 column 39
    simulateScheduleAD at line 295 column 29
    run_diffusion at line 147 column 28
    run at line 93 column 5

warning: matrix singular to machine precision, rcond = 1.11683e-18
warning: called from
    solveLinearSystem at line 21 column 19
    solveLinearProblem at line 361 column 30
    stepFunction at line 739 column 39
    stepFunction at line 307 column 25
    solveMinistep at line 373 column 37
    solveTimestep at line 209 column 39
    simulateScheduleAD at line 295 column 29
    run_diffusion at line 147 column 28
    run at line 93 column 5

warning: matrix singular to machine precision, rcond = 1.12405e-18
warning: called from
    solveLinearSystem at line 21 column 19
    solveLinearProblem at line 361 column 30
    stepFunction at line 739 column 39
    stepFunction at line 307 column 25
    solveMinistep at line 373 column 37
    solveTimestep at line 209 column 39
    simulateScheduleAD at line 295 column 29
    run_diffusion at line 147 column 28
    run at line 93 column 5

Solver did not converge in 10 iterations for timestep of length 910 Seconds, 386 Milliseconds. Cutting timestep.
Solver did not converge in 10 iterations for timestep of length 455 Seconds, 193 Milliseconds. Cutting timestep.
Solver did not converge in 10 iterations for timestep of length 295 Seconds, 875 Milliseconds. Cutting timestep.
Solving timestep 18/69: 13 Hours -> 14 Hours
warning: matrix singular to machine precision, rcond = 1.4383e-17
warning: called from
    solveLinearSystem at line 21 column 19
    solveLinearProblem at line 361 column 30
    stepFunction at line 739 column 39
    stepFunction at line 307 column 25
    solveMinistep at line 373 column 37
    solveTimestep at line 209 column 39
    simulateScheduleAD at line 295 column 29
    run_diffusion at line 147 column 28
    run at line 93 column 5

warning: matrix singular to machine precision, rcond = 1.12284e-17
warning: called from
    solveLinearSystem at line 21 column 19
    solveLinearProblem at line 361 column 30
    stepFunction at line 739 column 39
    stepFunction at line 307 column 25
    solveMinistep at line 373 column 37
    solveTimestep at line 209 column 39
    simulateScheduleAD at line 295 column 29
    run_diffusion at line 147 column 28
    run at line 93 column 5

warning: matrix singular to machine precision, rcond = 9.43429e-18
warning: called from
    solveLinearSystem at line 21 column 19
    solveLinearProblem at line 361 column 30
    stepFunction at line 739 column 39
    stepFunction at line 307 column 25
    solveMinistep at line 373 column 37
    solveTimestep at line 209 column 39
    simulateScheduleAD at line 295 column 29
    run_diffusion at line 147 column 28
    run at line 93 column 5

warning: matrix singular to machine precision, rcond = 1.27526e-17
warning: called from
    solveLinearSystem at line 21 column 19
    solveLinearProblem at line 361 column 30
    stepFunction at line 739 column 39
    stepFunction at line 307 column 25
    solveMinistep at line 373 column 37
    solveTimestep at line 209 column 39
    simulateScheduleAD at line 295 column 29
    run_diffusion at line 147 column 28
    run at line 93 column 5

warning: matrix singular to machine precision, rcond = 1.27951e-17
warning: called from
    solveLinearSystem at line 21 column 19
    solveLinearProblem at line 361 column 30
    stepFunction at line 739 column 39
    stepFunction at line 307 column 25
    solveMinistep at line 373 column 37
    solveTimestep at line 209 column 39
    simulateScheduleAD at line 295 column 29
    run_diffusion at line 147 column 28
    run at line 93 column 5

warning: matrix singular to machine precision, rcond = 1.22095e-17
warning: called from
    solveLinearSystem at line 21 column 19
    solveLinearProblem at line 361 column 30
    stepFunction at line 739 column 39
    stepFunction at line 307 column 25
    solveMinistep at line 373 column 37
    solveTimestep at line 209 column 39
    simulateScheduleAD at line 295 column 29
    run_diffusion at line 147 column 28
    run at line 93 column 5

warning: matrix singular to machine precision, rcond = 1.29388e-17
warning: called from
    solveLinearSystem at line 21 column 19
    solveLinearProblem at line 361 column 30
    stepFunction at line 739 column 39
    stepFunction at line 307 column 25
    solveMinistep at line 373 column 37
    solveTimestep at line 209 column 39
    simulateScheduleAD at line 295 column 29
    run_diffusion at line 147 column 28
    run at line 93 column 5

warning: matrix singular to machine precision, rcond = 1.2924e-17
warning: called from
    solveLinearSystem at line 21 column 19
    solveLinearProblem at line 361 column 30
    stepFunction at line 739 column 39
    stepFunction at line 307 column 25
    solveMinistep at line 373 column 37
    solveTimestep at line 209 column 39
    simulateScheduleAD at line 295 column 29
    run_diffusion at line 147 column 28
    run at line 93 column 5

warning: matrix singular to machine precision, rcond = 8.16215e-19
warning: called from
    solveLinearSystem at line 21 column 19
    solveLinearProblem at line 361 column 30
    stepFunction at line 739 column 39
    stepFunction at line 307 column 25
    solveMinistep at line 373 column 37
    solveTimestep at line 209 column 39
    simulateScheduleAD at line 295 column 29
    run_diffusion at line 147 column 28
    run at line 93 column 5

warning: matrix singular to machine precision, rcond = 8.76679e-19
warning: called from
    solveLinearSystem at line 21 column 19
    solveLinearProblem at line 361 column 30
    stepFunction at line 739 column 39
    stepFunction at line 307 column 25
    solveMinistep at line 373 column 37
    solveTimestep at line 209 column 39
    simulateScheduleAD at line 295 column 29
    run_diffusion at line 147 column 28
    run at line 93 column 5

warning: matrix singular to machine precision, rcond = 8.35404e-19
warning: called from
    solveLinearSystem at line 21 column 19
    solveLinearProblem at line 361 column 30
    stepFunction at line 739 column 39
    stepFunction at line 307 column 25
    solveMinistep at line 373 column 37
    solveTimestep at line 209 column 39
    simulateScheduleAD at line 295 column 29
    run_diffusion at line 147 column 28
    run at line 93 column 5

warning: matrix singular to machine precision, rcond = 7.8871e-19
warning: called from
    solveLinearSystem at line 21 column 19
    solveLinearProblem at line 361 column 30
    stepFunction at line 739 column 39
    stepFunction at line 307 column 25
    solveMinistep at line 373 column 37
    solveTimestep at line 209 column 39
    simulateScheduleAD at line 295 column 29
    run_diffusion at line 147 column 28
    run at line 93 column 5

warning: matrix singular to machine precision, rcond = 8.61202e-19
warning: called from
    solveLinearSystem at line 21 column 19
    solveLinearProblem at line 361 column 30
    stepFunction at line 739 column 39
    stepFunction at line 307 column 25
    solveMinistep at line 373 column 37
    solveTimestep at line 209 column 39
    simulateScheduleAD at line 295 column 29
    run_diffusion at line 147 column 28
    run at line 93 column 5

warning: matrix singular to machine precision, rcond = 8.38372e-19
warning: called from
    solveLinearSystem at line 21 column 19
    solveLinearProblem at line 361 column 30
    stepFunction at line 739 column 39
    stepFunction at line 307 column 25
    solveMinistep at line 373 column 37
    solveTimestep at line 209 column 39
    simulateScheduleAD at line 295 column 29
    run_diffusion at line 147 column 28
    run at line 93 column 5

warning: matrix singular to machine precision, rcond = 7.8783e-19
warning: called from
    solveLinearSystem at line 21 column 19
    solveLinearProblem at line 361 column 30
    stepFunction at line 739 column 39
    stepFunction at line 307 column 25
    solveMinistep at line 373 column 37
    solveTimestep at line 209 column 39
    simulateScheduleAD at line 295 column 29
    run_diffusion at line 147 column 28
    run at line 93 column 5

warning: matrix singular to machine precision, rcond = 7.89829e-19
warning: called from
    solveLinearSystem at line 21 column 19
    solveLinearProblem at line 361 column 30
    stepFunction at line 739 column 39
    stepFunction at line 307 column 25
    solveMinistep at line 373 column 37
    solveTimestep at line 209 column 39
    simulateScheduleAD at line 295 column 29
    run_diffusion at line 147 column 28
    run at line 93 column 5

warning: matrix singular to machine precision, rcond = 8.38879e-19
warning: called from
    solveLinearSystem at line 21 column 19
    solveLinearProblem at line 361 column 30
    stepFunction at line 739 column 39
    stepFunction at line 307 column 25
    solveMinistep at line 373 column 37
    solveTimestep at line 209 column 39
    simulateScheduleAD at line 295 column 29
    run_diffusion at line 147 column 28
    run at line 93 column 5

warning: matrix singular to machine precision, rcond = 2.00876e-18
warning: called from
    solveLinearSystem at line 21 column 19
    solveLinearProblem at line 361 column 30
    stepFunction at line 739 column 39
    stepFunction at line 307 column 25
    solveMinistep at line 373 column 37
    solveTimestep at line 209 column 39
    simulateScheduleAD at line 295 column 29
    run_diffusion at line 147 column 28
    run at line 93 column 5

warning: matrix singular to machine precision, rcond = 2.11688e-18
warning: called from
    solveLinearSystem at line 21 column 19
    solveLinearProblem at line 361 column 30
    stepFunction at line 739 column 39
    stepFunction at line 307 column 25
    solveMinistep at line 373 column 37
    solveTimestep at line 209 column 39
    simulateScheduleAD at line 295 column 29
    run_diffusion at line 147 column 28
    run at line 93 column 5

warning: matrix singular to machine precision, rcond = 9.06193e-20
warning: called from
    solveLinearSystem at line 21 column 19
    solveLinearProblem at line 361 column 30
    stepFunction at line 739 column 39
    stepFunction at line 307 column 25
    solveMinistep at line 373 column 37
    solveTimestep at line 209 column 39
    simulateScheduleAD at line 295 column 29
    run_diffusion at line 147 column 28
    run at line 93 column 5

warning: matrix singular to machine precision, rcond = 2.25769e-18
warning: called from
    solveLinearSystem at line 21 column 19
    solveLinearProblem at line 361 column 30
    stepFunction at line 739 column 39
    stepFunction at line 307 column 25
    solveMinistep at line 373 column 37
    solveTimestep at line 209 column 39
    simulateScheduleAD at line 295 column 29
    run_diffusion at line 147 column 28
    run at line 93 column 5

warning: matrix singular to machine precision, rcond = 2.05968e-18
warning: called from
    solveLinearSystem at line 21 column 19
    solveLinearProblem at line 361 column 30
    stepFunction at line 739 column 39
    stepFunction at line 307 column 25
    solveMinistep at line 373 column 37
    solveTimestep at line 209 column 39
    simulateScheduleAD at line 295 column 29
    run_diffusion at line 147 column 28
    run at line 93 column 5

warning: matrix singular to machine precision, rcond = 2.98874e-17
warning: called from
    solveLinearSystem at line 21 column 19
    solveLinearProblem at line 361 column 30
    stepFunction at line 739 column 39
    stepFunction at line 307 column 25
    solveMinistep at line 373 column 37
    solveTimestep at line 209 column 39
    simulateScheduleAD at line 295 column 29
    run_diffusion at line 147 column 28
    run at line 93 column 5

warning: matrix singular to machine precision, rcond = 2.17513e-18
warning: called from
    solveLinearSystem at line 21 column 19
    solveLinearProblem at line 361 column 30
    stepFunction at line 739 column 39
    stepFunction at line 307 column 25
    solveMinistep at line 373 column 37
    solveTimestep at line 209 column 39
    simulateScheduleAD at line 295 column 29
    run_diffusion at line 147 column 28
    run at line 93 column 5

warning: matrix singular to machine precision, rcond = 2.13736e-18
warning: called from
    solveLinearSystem at line 21 column 19
    solveLinearProblem at line 361 column 30
    stepFunction at line 739 column 39
    stepFunction at line 307 column 25
    solveMinistep at line 373 column 37
    solveTimestep at line 209 column 39
    simulateScheduleAD at line 295 column 29
    run_diffusion at line 147 column 28
    run at line 93 column 5

warning: matrix singular to machine precision, rcond = 1.91109e-18
warning: called from
    solveLinearSystem at line 21 column 19
    solveLinearProblem at line 361 column 30
    stepFunction at line 739 column 39
    stepFunction at line 307 column 25
    solveMinistep at line 373 column 37
    solveTimestep at line 209 column 39
    simulateScheduleAD at line 295 column 29
    run_diffusion at line 147 column 28
    run at line 93 column 5

warning: matrix singular to machine precision, rcond = 2.09574e-18
warning: called from
    solveLinearSystem at line 21 column 19
    solveLinearProblem at line 361 column 30
    stepFunction at line 739 column 39
    stepFunction at line 307 column 25
    solveMinistep at line 373 column 37
    solveTimestep at line 209 column 39
    simulateScheduleAD at line 295 column 29
    run_diffusion at line 147 column 28
    run at line 93 column 5

Solver did not converge in 10 iterations for timestep of length 1068 Seconds, 503 Milliseconds. Cutting timestep.
warning: matrix singular to machine precision, rcond = 1.28777e-17
warning: called from
    solveLinearSystem at line 21 column 19
    solveLinearProblem at line 361 column 30
    stepFunction at line 739 column 39
    stepFunction at line 307 column 25
    solveMinistep at line 373 column 37
    solveTimestep at line 209 column 39
    simulateScheduleAD at line 295 column 29
    run_diffusion at line 147 column 28
    run at line 93 column 5

warning: matrix singular to machine precision, rcond = 1.31759e-17
warning: called from
    solveLinearSystem at line 21 column 19
    solveLinearProblem at line 361 column 30
    stepFunction at line 739 column 39
    stepFunction at line 307 column 25
    solveMinistep at line 373 column 37
    solveTimestep at line 209 column 39
    simulateScheduleAD at line 295 column 29
    run_diffusion at line 147 column 28
    run at line 93 column 5

warning: matrix singular to machine precision, rcond = 1.02249e-17
warning: called from
    solveLinearSystem at line 21 column 19
    solveLinearProblem at line 361 column 30
    stepFunction at line 739 column 39
    stepFunction at line 307 column 25
    solveMinistep at line 373 column 37
    solveTimestep at line 209 column 39
    simulateScheduleAD at line 295 column 29
    run_diffusion at line 147 column 28
    run at line 93 column 5

warning: matrix singular to machine precision, rcond = 1.09138e-17
warning: called from
    solveLinearSystem at line 21 column 19
    solveLinearProblem at line 361 column 30
    stepFunction at line 739 column 39
    stepFunction at line 307 column 25
    solveMinistep at line 373 column 37
    solveTimestep at line 209 column 39
    simulateScheduleAD at line 295 column 29
    run_diffusion at line 147 column 28
    run at line 93 column 5

warning: matrix singular to machine precision, rcond = 1.28304e-17
warning: called from
    solveLinearSystem at line 21 column 19
    solveLinearProblem at line 361 column 30
    stepFunction at line 739 column 39
    stepFunction at line 307 column 25
    solveMinistep at line 373 column 37
    solveTimestep at line 209 column 39
    simulateScheduleAD at line 295 column 29
    run_diffusion at line 147 column 28
    run at line 93 column 5

warning: matrix singular to machine precision, rcond = 1.2605e-17
warning: called from
    solveLinearSystem at line 21 column 19
    solveLinearProblem at line 361 column 30
    stepFunction at line 739 column 39
    stepFunction at line 307 column 25
    solveMinistep at line 373 column 37
    solveTimestep at line 209 column 39
    simulateScheduleAD at line 295 column 29
    run_diffusion at line 147 column 28
    run at line 93 column 5

warning: matrix singular to machine precision, rcond = 1.31899e-17
warning: called from
    solveLinearSystem at line 21 column 19
    solveLinearProblem at line 361 column 30
    stepFunction at line 739 column 39
    stepFunction at line 307 column 25
    solveMinistep at line 373 column 37
    solveTimestep at line 209 column 39
    simulateScheduleAD at line 295 column 29
    run_diffusion at line 147 column 28
    run at line 93 column 5

warning: matrix singular to machine precision, rcond = 1.28174e-17
warning: called from
    solveLinearSystem at line 21 column 19
    solveLinearProblem at line 361 column 30
    stepFunction at line 739 column 39
    stepFunction at line 307 column 25
    solveMinistep at line 373 column 37
    solveTimestep at line 209 column 39
    simulateScheduleAD at line 295 column 29
    run_diffusion at line 147 column 28
    run at line 93 column 5

warning: matrix singular to machine precision, rcond = 1.08877e-17
warning: called from
    solveLinearSystem at line 21 column 19
    solveLinearProblem at line 361 column 30
    stepFunction at line 739 column 39
    stepFunction at line 307 column 25
    solveMinistep at line 373 column 37
    solveTimestep at line 209 column 39
    simulateScheduleAD at line 295 column 29
    run_diffusion at line 147 column 28
    run at line 93 column 5

warning: matrix singular to machine precision, rcond = 9.21525e-18
warning: called from
    solveLinearSystem at line 21 column 19
    solveLinearProblem at line 361 column 30
    stepFunction at line 739 column 39
    stepFunction at line 307 column 25
    solveMinistep at line 373 column 37
    solveTimestep at line 209 column 39
    simulateScheduleAD at line 295 column 29
    run_diffusion at line 147 column 28
    run at line 93 column 5

warning: matrix singular to machine precision, rcond = 1.17119e-17
warning: called from
    solveLinearSystem at line 21 column 19
    solveLinearProblem at line 361 column 30
    stepFunction at line 739 column 39
    stepFunction at line 307 column 25
    solveMinistep at line 373 column 37
    solveTimestep at line 209 column 39
    simulateScheduleAD at line 295 column 29
    run_diffusion at line 147 column 28
    run at line 93 column 5

warning: matrix singular to machine precision, rcond = 1.08252e-17
warning: called from
    solveLinearSystem at line 21 column 19
    solveLinearProblem at line 361 column 30
    stepFunction at line 739 column 39
    stepFunction at line 307 column 25
    solveMinistep at line 373 column 37
    solveTimestep at line 209 column 39
    simulateScheduleAD at line 295 column 29
    run_diffusion at line 147 column 28
    run at line 93 column 5

warning: matrix singular to machine precision, rcond = 1.11074e-17
warning: called from
    solveLinearSystem at line 21 column 19
    solveLinearProblem at line 361 column 30
    stepFunction at line 739 column 39
    stepFunction at line 307 column 25
    solveMinistep at line 373 column 37
    solveTimestep at line 209 column 39
    simulateScheduleAD at line 295 column 29
    run_diffusion at line 147 column 28
    run at line 93 column 5

warning: matrix singular to machine precision, rcond = 1.14389e-17
warning: called from
    solveLinearSystem at line 21 column 19
    solveLinearProblem at line 361 column 30
    stepFunction at line 739 column 39
    stepFunction at line 307 column 25
    solveMinistep at line 373 column 37
    solveTimestep at line 209 column 39
    simulateScheduleAD at line 295 column 29
    run_diffusion at line 147 column 28
    run at line 93 column 5

Solving timestep 19/69: 14 Hours -> 15 Hours
warning: matrix singular to machine precision, rcond = 1.09915e-17
warning: called from
    solveLinearSystem at line 21 column 19
    solveLinearProblem at line 361 column 30
    stepFunction at line 739 column 39
    stepFunction at line 307 column 25
    solveMinistep at line 373 column 37
    solveTimestep at line 209 column 39
    simulateScheduleAD at line 295 column 29
    run_diffusion at line 147 column 28
    run at line 93 column 5

warning: matrix singular to machine precision, rcond = 1.01381e-17
warning: called from
    solveLinearSystem at line 21 column 19
    solveLinearProblem at line 361 column 30
    stepFunction at line 739 column 39
    stepFunction at line 307 column 25
    solveMinistep at line 373 column 37
    solveTimestep at line 209 column 39
    simulateScheduleAD at line 295 column 29
    run_diffusion at line 147 column 28
    run at line 93 column 5

warning: matrix singular to machine precision, rcond = 1.17489e-17
warning: called from
    solveLinearSystem at line 21 column 19
    solveLinearProblem at line 361 column 30
    stepFunction at line 739 column 39
    stepFunction at line 307 column 25
    solveMinistep at line 373 column 37
    solveTimestep at line 209 column 39
    simulateScheduleAD at line 295 column 29
    run_diffusion at line 147 column 28
    run at line 93 column 5

warning: matrix singular to machine precision, rcond = 1.1141e-17
warning: called from
    solveLinearSystem at line 21 column 19
    solveLinearProblem at line 361 column 30
    stepFunction at line 739 column 39
    stepFunction at line 307 column 25
    solveMinistep at line 373 column 37
    solveTimestep at line 209 column 39
    simulateScheduleAD at line 295 column 29
    run_diffusion at line 147 column 28
    run at line 93 column 5

warning: matrix singular to machine precision, rcond = 1.01575e-17
warning: called from
    solveLinearSystem at line 21 column 19
    solveLinearProblem at line 361 column 30
    stepFunction at line 739 column 39
    stepFunction at line 307 column 25
    solveMinistep at line 373 column 37
    solveTimestep at line 209 column 39
    simulateScheduleAD at line 295 column 29
    run_diffusion at line 147 column 28
    run at line 93 column 5

warning: matrix singular to machine precision, rcond = 1.05074e-17
warning: called from
    solveLinearSystem at line 21 column 19
    solveLinearProblem at line 361 column 30
    stepFunction at line 739 column 39
    stepFunction at line 307 column 25
    solveMinistep at line 373 column 37
    solveTimestep at line 209 column 39
    simulateScheduleAD at line 295 column 29
    run_diffusion at line 147 column 28
    run at line 93 column 5

warning: matrix singular to machine precision, rcond = 1.05071e-17
warning: called from
    solveLinearSystem at line 21 column 19
    solveLinearProblem at line 361 column 30
    stepFunction at line 739 column 39
    stepFunction at line 307 column 25
    solveMinistep at line 373 column 37
    solveTimestep at line 209 column 39
    simulateScheduleAD at line 295 column 29
    run_diffusion at line 147 column 28
    run at line 93 column 5

warning: matrix singular to machine precision, rcond = 1.00033e-17
warning: called from
    solveLinearSystem at line 21 column 19
    solveLinearProblem at line 361 column 30
    stepFunction at line 739 column 39
    stepFunction at line 307 column 25
    solveMinistep at line 373 column 37
    solveTimestep at line 209 column 39
    simulateScheduleAD at line 295 column 29
    run_diffusion at line 147 column 28
    run at line 93 column 5

warning: matrix singular to machine precision, rcond = 9.75102e-18
warning: called from
    solveLinearSystem at line 21 column 19
    solveLinearProblem at line 361 column 30
    stepFunction at line 739 column 39
    stepFunction at line 307 column 25
    solveMinistep at line 373 column 37
    solveTimestep at line 209 column 39
    simulateScheduleAD at line 295 column 29
    run_diffusion at line 147 column 28
    run at line 93 column 5

warning: matrix singular to machine precision, rcond = 1.02189e-17
warning: called from
    solveLinearSystem at line 21 column 19
    solveLinearProblem at line 361 column 30
    stepFunction at line 739 column 39
    stepFunction at line 307 column 25
    solveMinistep at line 373 column 37
    solveTimestep at line 209 column 39
    simulateScheduleAD at line 295 column 29
    run_diffusion at line 147 column 28
    run at line 93 column 5

warning: matrix singular to machine precision, rcond = 9.9573e-18
warning: called from
    solveLinearSystem at line 21 column 19
    solveLinearProblem at line 361 column 30
    stepFunction at line 739 column 39
    stepFunction at line 307 column 25
    solveMinistep at line 373 column 37
    solveTimestep at line 209 column 39
    simulateScheduleAD at line 295 column 29
    run_diffusion at line 147 column 28
    run at line 93 column 5

warning: matrix singular to machine precision, rcond = 9.90328e-18
warning: called from
    solveLinearSystem at line 21 column 19
    solveLinearProblem at line 361 column 30
    stepFunction at line 739 column 39
    stepFunction at line 307 column 25
    solveMinistep at line 373 column 37
    solveTimestep at line 209 column 39
    simulateScheduleAD at line 295 column 29
    run_diffusion at line 147 column 28
    run at line 93 column 5

Solver did not converge in 10 iterations for timestep of length 631 Seconds, 388 Milliseconds. Cutting timestep.
Solver did not converge in 10 iterations for timestep of length 410 Seconds, 402 Milliseconds. Cutting timestep.
Solver did not converge in 10 iterations for timestep of length 222 Seconds, 301 Milliseconds. Cutting timestep.
Solver did not converge in 10 iterations for timestep of length 111 Seconds, 150 Milliseconds. Cutting timestep.
warning: matrix singular to machine precision, rcond = 2.24242e-17
warning: called from
    solveLinearSystem at line 21 column 19
    solveLinearProblem at line 361 column 30
    stepFunction at line 739 column 39
    stepFunction at line 307 column 25
    solveMinistep at line 373 column 37
    solveTimestep at line 209 column 39
    simulateScheduleAD at line 295 column 29
    run_diffusion at line 147 column 28
    run at line 93 column 5

warning: matrix singular to machine precision, rcond = 1.36151e-17
warning: called from
    solveLinearSystem at line 21 column 19
    solveLinearProblem at line 361 column 30
    stepFunction at line 739 column 39
    stepFunction at line 307 column 25
    solveMinistep at line 373 column 37
    solveTimestep at line 209 column 39
    simulateScheduleAD at line 295 column 29
    run_diffusion at line 147 column 28
    run at line 93 column 5

warning: matrix singular to machine precision, rcond = 9.23752e-18
warning: called from
    solveLinearSystem at line 21 column 19
    solveLinearProblem at line 361 column 30
    stepFunction at line 739 column 39
    stepFunction at line 307 column 25
    solveMinistep at line 373 column 37
    solveTimestep at line 209 column 39
    simulateScheduleAD at line 295 column 29
    run_diffusion at line 147 column 28
    run at line 93 column 5

warning: matrix singular to machine precision, rcond = 1.7607e-17
warning: called from
    solveLinearSystem at line 21 column 19
    solveLinearProblem at line 361 column 30
    stepFunction at line 739 column 39
    stepFunction at line 307 column 25
    solveMinistep at line 373 column 37
    solveTimestep at line 209 column 39
    simulateScheduleAD at line 295 column 29
    run_diffusion at line 147 column 28
    run at line 93 column 5

warning: matrix singular to machine precision, rcond = 1.72667e-17
warning: called from
    solveLinearSystem at line 21 column 19
    solveLinearProblem at line 361 column 30
    stepFunction at line 739 column 39
    stepFunction at line 307 column 25
    solveMinistep at line 373 column 37
    solveTimestep at line 209 column 39
    simulateScheduleAD at line 295 column 29
    run_diffusion at line 147 column 28
    run at line 93 column 5

warning: matrix singular to machine precision, rcond = 1.71172e-17
warning: called from
    solveLinearSystem at line 21 column 19
    solveLinearProblem at line 361 column 30
    stepFunction at line 739 column 39
    stepFunction at line 307 column 25
    solveMinistep at line 373 column 37
    solveTimestep at line 209 column 39
    simulateScheduleAD at line 295 column 29
    run_diffusion at line 147 column 28
    run at line 93 column 5

warning: matrix singular to machine precision, rcond = 1.98352e-17
warning: called from
    solveLinearSystem at line 21 column 19
    solveLinearProblem at line 361 column 30
    stepFunction at line 739 column 39
    stepFunction at line 307 column 25
    solveMinistep at line 373 column 37
    solveTimestep at line 209 column 39
    simulateScheduleAD at line 295 column 29
    run_diffusion at line 147 column 28
    run at line 93 column 5

warning: matrix singular to machine precision, rcond = 2.11462e-17
warning: called from
    solveLinearSystem at line 21 column 19
    solveLinearProblem at line 361 column 30
    stepFunction at line 739 column 39
    stepFunction at line 307 column 25
    solveMinistep at line 373 column 37
    solveTimestep at line 209 column 39
    simulateScheduleAD at line 295 column 29
    run_diffusion at line 147 column 28
    run at line 93 column 5

warning: matrix singular to machine precision, rcond = 2.07478e-17
warning: called from
    solveLinearSystem at line 21 column 19
    solveLinearProblem at line 361 column 30
    stepFunction at line 739 column 39
    stepFunction at line 307 column 25
    solveMinistep at line 373 column 37
    solveTimestep at line 209 column 39
    simulateScheduleAD at line 295 column 29
    run_diffusion at line 147 column 28
    run at line 93 column 5

warning: matrix singular to machine precision, rcond = 1.96011e-17
warning: called from
    solveLinearSystem at line 21 column 19
    solveLinearProblem at line 361 column 30
    stepFunction at line 739 column 39
    stepFunction at line 307 column 25
    solveMinistep at line 373 column 37
    solveTimestep at line 209 column 39
    simulateScheduleAD at line 295 column 29
    run_diffusion at line 147 column 28
    run at line 93 column 5

Solving timestep 20/69: 15 Hours -> 16 Hours
warning: matrix singular to machine precision, rcond = 1.87571e-17
warning: called from
    solveLinearSystem at line 21 column 19
    solveLinearProblem at line 361 column 30
    stepFunction at line 739 column 39
    stepFunction at line 307 column 25
    solveMinistep at line 373 column 37
    solveTimestep at line 209 column 39
    simulateScheduleAD at line 295 column 29
    run_diffusion at line 147 column 28
    run at line 93 column 5

warning: matrix singular to machine precision, rcond = 1.50829e-17
warning: called from
    solveLinearSystem at line 21 column 19
    solveLinearProblem at line 361 column 30
    stepFunction at line 739 column 39
    stepFunction at line 307 column 25
    solveMinistep at line 373 column 37
    solveTimestep at line 209 column 39
    simulateScheduleAD at line 295 column 29
    run_diffusion at line 147 column 28
    run at line 93 column 5

warning: matrix singular to machine precision, rcond = 1.04936e-17
warning: called from
    solveLinearSystem at line 21 column 19
    solveLinearProblem at line 361 column 30
    stepFunction at line 739 column 39
    stepFunction at line 307 column 25
    solveMinistep at line 373 column 37
    solveTimestep at line 209 column 39
    simulateScheduleAD at line 295 column 29
    run_diffusion at line 147 column 28
    run at line 93 column 5

warning: matrix singular to machine precision, rcond = 1.37131e-17
warning: called from
    solveLinearSystem at line 21 column 19
    solveLinearProblem at line 361 column 30
    stepFunction at line 739 column 39
    stepFunction at line 307 column 25
    solveMinistep at line 373 column 37
    solveTimestep at line 209 column 39
    simulateScheduleAD at line 295 column 29
    run_diffusion at line 147 column 28
    run at line 93 column 5

warning: matrix singular to machine precision, rcond = 1.74192e-17
warning: called from
    solveLinearSystem at line 21 column 19
    solveLinearProblem at line 361 column 30
    stepFunction at line 739 column 39
    stepFunction at line 307 column 25
    solveMinistep at line 373 column 37
    solveTimestep at line 209 column 39
    simulateScheduleAD at line 295 column 29
    run_diffusion at line 147 column 28
    run at line 93 column 5

warning: matrix singular to machine precision, rcond = 1.76839e-17
warning: called from
    solveLinearSystem at line 21 column 19
    solveLinearProblem at line 361 column 30
    stepFunction at line 739 column 39
    stepFunction at line 307 column 25
    solveMinistep at line 373 column 37
    solveTimestep at line 209 column 39
    simulateScheduleAD at line 295 column 29
    run_diffusion at line 147 column 28
    run at line 93 column 5

warning: matrix singular to machine precision, rcond = 1.72751e-17
warning: called from
    solveLinearSystem at line 21 column 19
    solveLinearProblem at line 361 column 30
    stepFunction at line 739 column 39
    stepFunction at line 307 column 25
    solveMinistep at line 373 column 37
    solveTimestep at line 209 column 39
    simulateScheduleAD at line 295 column 29
    run_diffusion at line 147 column 28
    run at line 93 column 5

warning: matrix singular to machine precision, rcond = 1.73487e-17
warning: called from
    solveLinearSystem at line 21 column 19
    solveLinearProblem at line 361 column 30
    stepFunction at line 739 column 39
    stepFunction at line 307 column 25
    solveMinistep at line 373 column 37
    solveTimestep at line 209 column 39
    simulateScheduleAD at line 295 column 29
    run_diffusion at line 147 column 28
    run at line 93 column 5

warning: matrix singular to machine precision, rcond = 3.28342e-17
warning: called from
    solveLinearSystem at line 21 column 19
    solveLinearProblem at line 361 column 30
    stepFunction at line 739 column 39
    stepFunction at line 307 column 25
    solveMinistep at line 373 column 37
    solveTimestep at line 209 column 39
    simulateScheduleAD at line 295 column 29
    run_diffusion at line 147 column 28
    run at line 93 column 5

warning: matrix singular to machine precision, rcond = 2.24232e-17
warning: called from
    solveLinearSystem at line 21 column 19
    solveLinearProblem at line 361 column 30
    stepFunction at line 739 column 39
    stepFunction at line 307 column 25
    solveMinistep at line 373 column 37
    solveTimestep at line 209 column 39
    simulateScheduleAD at line 295 column 29
    run_diffusion at line 147 column 28
    run at line 93 column 5

warning: matrix singular to machine precision, rcond = 2.80948e-17
warning: called from
    solveLinearSystem at line 21 column 19
    solveLinearProblem at line 361 column 30
    stepFunction at line 739 column 39
    stepFunction at line 307 column 25
    solveMinistep at line 373 column 37
    solveTimestep at line 209 column 39
    simulateScheduleAD at line 295 column 29
    run_diffusion at line 147 column 28
    run at line 93 column 5

warning: matrix singular to machine precision, rcond = 2.81171e-17
warning: called from
    solveLinearSystem at line 21 column 19
    solveLinearProblem at line 361 column 30
    stepFunction at line 739 column 39
    stepFunction at line 307 column 25
    solveMinistep at line 373 column 37
    solveTimestep at line 209 column 39
    simulateScheduleAD at line 295 column 29
    run_diffusion at line 147 column 28
    run at line 93 column 5

warning: matrix singular to machine precision, rcond = 2.14712e-17
warning: called from
    solveLinearSystem at line 21 column 19
    solveLinearProblem at line 361 column 30
    stepFunction at line 739 column 39
    stepFunction at line 307 column 25
    solveMinistep at line 373 column 37
    solveTimestep at line 209 column 39
    simulateScheduleAD at line 295 column 29
    run_diffusion at line 147 column 28
    run at line 93 column 5

warning: matrix singular to machine precision, rcond = 3.67682e-17
warning: called from
    solveLinearSystem at line 21 column 19
    solveLinearProblem at line 361 column 30
    stepFunction at line 739 column 39
    stepFunction at line 307 column 25
    solveMinistep at line 373 column 37
    solveTimestep at line 209 column 39
    simulateScheduleAD at line 295 column 29
    run_diffusion at line 147 column 28
    run at line 93 column 5

warning: matrix singular to machine precision, rcond = 1.81095e-17
warning: called from
    solveLinearSystem at line 21 column 19
    solveLinearProblem at line 361 column 30
    stepFunction at line 739 column 39
    stepFunction at line 307 column 25
    solveMinistep at line 373 column 37
    solveTimestep at line 209 column 39
    simulateScheduleAD at line 295 column 29
    run_diffusion at line 147 column 28
    run at line 93 column 5

warning: matrix singular to machine precision, rcond = 1.88131e-17
warning: called from
    solveLinearSystem at line 21 column 19
    solveLinearProblem at line 361 column 30
    stepFunction at line 739 column 39
    stepFunction at line 307 column 25
    solveMinistep at line 373 column 37
    solveTimestep at line 209 column 39
    simulateScheduleAD at line 295 column 29
    run_diffusion at line 147 column 28
    run at line 93 column 5

warning: matrix singular to machine precision, rcond = 1.88144e-17
warning: called from
    solveLinearSystem at line 21 column 19
    solveLinearProblem at line 361 column 30
    stepFunction at line 739 column 39
    stepFunction at line 307 column 25
    solveMinistep at line 373 column 37
    solveTimestep at line 209 column 39
    simulateScheduleAD at line 295 column 29
    run_diffusion at line 147 column 28
    run at line 93 column 5

warning: matrix singular to machine precision, rcond = 1.88142e-17
warning: called from
    solveLinearSystem at line 21 column 19
    solveLinearProblem at line 361 column 30
    stepFunction at line 739 column 39
    stepFunction at line 307 column 25
    solveMinistep at line 373 column 37
    solveTimestep at line 209 column 39
    simulateScheduleAD at line 295 column 29
    run_diffusion at line 147 column 28
    run at line 93 column 5

warning: matrix singular to machine precision, rcond = 1.55493e-17
warning: called from
    solveLinearSystem at line 21 column 19
    solveLinearProblem at line 361 column 30
    stepFunction at line 739 column 39
    stepFunction at line 307 column 25
    solveMinistep at line 373 column 37
    solveTimestep at line 209 column 39
    simulateScheduleAD at line 295 column 29
    run_diffusion at line 147 column 28
    run at line 93 column 5

warning: matrix singular to machine precision, rcond = 1.87018e-17
warning: called from
    solveLinearSystem at line 21 column 19
    solveLinearProblem at line 361 column 30
    stepFunction at line 739 column 39
    stepFunction at line 307 column 25
    solveMinistep at line 373 column 37
    solveTimestep at line 209 column 39
    simulateScheduleAD at line 295 column 29
    run_diffusion at line 147 column 28
    run at line 93 column 5

warning: matrix singular to machine precision, rcond = 1.31545e-17
warning: called from
    solveLinearSystem at line 21 column 19
    solveLinearProblem at line 361 column 30
    stepFunction at line 739 column 39
    stepFunction at line 307 column 25
    solveMinistep at line 373 column 37
    solveTimestep at line 209 column 39
    simulateScheduleAD at line 295 column 29
    run_diffusion at line 147 column 28
    run at line 93 column 5

warning: matrix singular to machine precision, rcond = 1.16245e-17
warning: called from
    solveLinearSystem at line 21 column 19
    solveLinearProblem at line 361 column 30
    stepFunction at line 739 column 39
    stepFunction at line 307 column 25
    solveMinistep at line 373 column 37
    solveTimestep at line 209 column 39
    simulateScheduleAD at line 295 column 29
    run_diffusion at line 147 column 28
    run at line 93 column 5

warning: matrix singular to machine precision, rcond = 1.63965e-17
warning: called from
    solveLinearSystem at line 21 column 19
    solveLinearProblem at line 361 column 30
    stepFunction at line 739 column 39
    stepFunction at line 307 column 25
    solveMinistep at line 373 column 37
    solveTimestep at line 209 column 39
    simulateScheduleAD at line 295 column 29
    run_diffusion at line 147 column 28
    run at line 93 column 5

warning: matrix singular to machine precision, rcond = 1.70066e-17
warning: called from
    solveLinearSystem at line 21 column 19
    solveLinearProblem at line 361 column 30
    stepFunction at line 739 column 39
    stepFunction at line 307 column 25
    solveMinistep at line 373 column 37
    solveTimestep at line 209 column 39
    simulateScheduleAD at line 295 column 29
    run_diffusion at line 147 column 28
    run at line 93 column 5

warning: matrix singular to machine precision, rcond = 1.53716e-17
warning: called from
    solveLinearSystem at line 21 column 19
    solveLinearProblem at line 361 column 30
    stepFunction at line 739 column 39
    stepFunction at line 307 column 25
    solveMinistep at line 373 column 37
    solveTimestep at line 209 column 39
    simulateScheduleAD at line 295 column 29
    run_diffusion at line 147 column 28
    run at line 93 column 5

warning: matrix singular to machine precision, rcond = 1.53606e-17
warning: called from
    solveLinearSystem at line 21 column 19
    solveLinearProblem at line 361 column 30
    stepFunction at line 739 column 39
    stepFunction at line 307 column 25
    solveMinistep at line 373 column 37
    solveTimestep at line 209 column 39
    simulateScheduleAD at line 295 column 29
    run_diffusion at line 147 column 28
    run at line 93 column 5

warning: matrix singular to machine precision, rcond = 1.35066e-17
warning: called from
    solveLinearSystem at line 21 column 19
    solveLinearProblem at line 361 column 30
    stepFunction at line 739 column 39
    stepFunction at line 307 column 25
    solveMinistep at line 373 column 37
    solveTimestep at line 209 column 39
    simulateScheduleAD at line 295 column 29
    run_diffusion at line 147 column 28
    run at line 93 column 5

warning: matrix singular to machine precision, rcond = 1.55623e-17
warning: called from
    solveLinearSystem at line 21 column 19
    solveLinearProblem at line 361 column 30
    stepFunction at line 739 column 39
    stepFunction at line 307 column 25
    solveMinistep at line 373 column 37
    solveTimestep at line 209 column 39
    simulateScheduleAD at line 295 column 29
    run_diffusion at line 147 column 28
    run at line 93 column 5

warning: matrix singular to machine precision, rcond = 1.06775e-17
warning: called from
    solveLinearSystem at line 21 column 19
    solveLinearProblem at line 361 column 30
    stepFunction at line 739 column 39
    stepFunction at line 307 column 25
    solveMinistep at line 373 column 37
    solveTimestep at line 209 column 39
    simulateScheduleAD at line 295 column 29
    run_diffusion at line 147 column 28
    run at line 93 column 5

warning: matrix singular to machine precision, rcond = 1.02074e-17
warning: called from
    solveLinearSystem at line 21 column 19
    solveLinearProblem at line 361 column 30
    stepFunction at line 739 column 39
    stepFunction at line 307 column 25
    solveMinistep at line 373 column 37
    solveTimestep at line 209 column 39
    simulateScheduleAD at line 295 column 29
    run_diffusion at line 147 column 28
    run at line 93 column 5

warning: matrix singular to machine precision, rcond = 1.3964e-17
warning: called from
    solveLinearSystem at line 21 column 19
    solveLinearProblem at line 361 column 30
    stepFunction at line 739 column 39
    stepFunction at line 307 column 25
    solveMinistep at line 373 column 37
    solveTimestep at line 209 column 39
    simulateScheduleAD at line 295 column 29
    run_diffusion at line 147 column 28
    run at line 93 column 5

warning: matrix singular to machine precision, rcond = 1.35533e-17
warning: called from
    solveLinearSystem at line 21 column 19
    solveLinearProblem at line 361 column 30
    stepFunction at line 739 column 39
    stepFunction at line 307 column 25
    solveMinistep at line 373 column 37
    solveTimestep at line 209 column 39
    simulateScheduleAD at line 295 column 29
    run_diffusion at line 147 column 28
    run at line 93 column 5

warning: matrix singular to machine precision, rcond = 1.32912e-17
warning: called from
    solveLinearSystem at line 21 column 19
    solveLinearProblem at line 361 column 30
    stepFunction at line 739 column 39
    stepFunction at line 307 column 25
    solveMinistep at line 373 column 37
    solveTimestep at line 209 column 39
    simulateScheduleAD at line 295 column 29
    run_diffusion at line 147 column 28
    run at line 93 column 5

warning: matrix singular to machine precision, rcond = 1.36765e-17
warning: called from
    solveLinearSystem at line 21 column 19
    solveLinearProblem at line 361 column 30
    stepFunction at line 739 column 39
    stepFunction at line 307 column 25
    solveMinistep at line 373 column 37
    solveTimestep at line 209 column 39
    simulateScheduleAD at line 295 column 29
    run_diffusion at line 147 column 28
    run at line 93 column 5

warning: matrix singular to machine precision, rcond = 1.20128e-17
warning: called from
    solveLinearSystem at line 21 column 19
    solveLinearProblem at line 361 column 30
    stepFunction at line 739 column 39
    stepFunction at line 307 column 25
    solveMinistep at line 373 column 37
    solveTimestep at line 209 column 39
    simulateScheduleAD at line 295 column 29
    run_diffusion at line 147 column 28
    run at line 93 column 5

warning: matrix singular to machine precision, rcond = 1.22972e-17
warning: called from
    solveLinearSystem at line 21 column 19
    solveLinearProblem at line 361 column 30
    stepFunction at line 739 column 39
    stepFunction at line 307 column 25
    solveMinistep at line 373 column 37
    solveTimestep at line 209 column 39
    simulateScheduleAD at line 295 column 29
    run_diffusion at line 147 column 28
    run at line 93 column 5

warning: matrix singular to machine precision, rcond = 1.09291e-17
warning: called from
    solveLinearSystem at line 21 column 19
    solveLinearProblem at line 361 column 30
    stepFunction at line 739 column 39
    stepFunction at line 307 column 25
    solveMinistep at line 373 column 37
    solveTimestep at line 209 column 39
    simulateScheduleAD at line 295 column 29
    run_diffusion at line 147 column 28
    run at line 93 column 5

warning: matrix singular to machine precision, rcond = 1.14683e-17
warning: called from
    solveLinearSystem at line 21 column 19
    solveLinearProblem at line 361 column 30
    stepFunction at line 739 column 39
    stepFunction at line 307 column 25
    solveMinistep at line 373 column 37
    solveTimestep at line 209 column 39
    simulateScheduleAD at line 295 column 29
    run_diffusion at line 147 column 28
    run at line 93 column 5

warning: matrix singular to machine precision, rcond = 1.14366e-17
warning: called from
    solveLinearSystem at line 21 column 19
    solveLinearProblem at line 361 column 30
    stepFunction at line 739 column 39
    stepFunction at line 307 column 25
    solveMinistep at line 373 column 37
    solveTimestep at line 209 column 39
    simulateScheduleAD at line 295 column 29
    run_diffusion at line 147 column 28
    run at line 93 column 5

warning: matrix singular to machine precision, rcond = 1.14363e-17
warning: called from
    solveLinearSystem at line 21 column 19
    solveLinearProblem at line 361 column 30
    stepFunction at line 739 column 39
    stepFunction at line 307 column 25
    solveMinistep at line 373 column 37
    solveTimestep at line 209 column 39
    simulateScheduleAD at line 295 column 29
    run_diffusion at line 147 column 28
    run at line 93 column 5

warning: matrix singular to machine precision, rcond = 1.14363e-17
warning: called from
    solveLinearSystem at line 21 column 19
    solveLinearProblem at line 361 column 30
    stepFunction at line 739 column 39
    stepFunction at line 307 column 25
    solveMinistep at line 373 column 37
    solveTimestep at line 209 column 39
    simulateScheduleAD at line 295 column 29
    run_diffusion at line 147 column 28
    run at line 93 column 5

Solver did not converge in 10 iterations for timestep of length 655 Seconds, 121 Milliseconds. Cutting timestep.
Solver did not converge in 10 iterations for timestep of length 381 Seconds, 796 Milliseconds. Cutting timestep.
Solver did not converge in 10 iterations for timestep of length 190 Seconds, 898 Milliseconds. Cutting timestep.
Solver did not converge in 10 iterations for timestep of length 95 Seconds, 449 Milliseconds. Cutting timestep.
Solving timestep 21/69: 16 Hours -> 17 Hours
warning: matrix singular to machine precision, rcond = 1.73353e-17
warning: called from
    solveLinearSystem at line 21 column 19
    solveLinearProblem at line 361 column 30
    stepFunction at line 739 column 39
    stepFunction at line 307 column 25
    solveMinistep at line 373 column 37
    solveTimestep at line 209 column 39
    simulateScheduleAD at line 295 column 29
    run_diffusion at line 147 column 28
    run at line 93 column 5

warning: matrix singular to machine precision, rcond = 9.52554e-18
warning: called from
    solveLinearSystem at line 21 column 19
    solveLinearProblem at line 361 column 30
    stepFunction at line 739 column 39
    stepFunction at line 307 column 25
    solveMinistep at line 373 column 37
    solveTimestep at line 209 column 39
    simulateScheduleAD at line 295 column 29
    run_diffusion at line 147 column 28
    run at line 93 column 5

warning: matrix singular to machine precision, rcond = 1.24409e-17
warning: called from
    solveLinearSystem at line 21 column 19
    solveLinearProblem at line 361 column 30
    stepFunction at line 739 column 39
    stepFunction at line 307 column 25
    solveMinistep at line 373 column 37
    solveTimestep at line 209 column 39
    simulateScheduleAD at line 295 column 29
    run_diffusion at line 147 column 28
    run at line 93 column 5

warning: matrix singular to machine precision, rcond = 9.75715e-18
warning: called from
    solveLinearSystem at line 21 column 19
    solveLinearProblem at line 361 column 30
    stepFunction at line 739 column 39
    stepFunction at line 307 column 25
    solveMinistep at line 373 column 37
    solveTimestep at line 209 column 39
    simulateScheduleAD at line 295 column 29
    run_diffusion at line 147 column 28
    run at line 93 column 5

warning: matrix singular to machine precision, rcond = 9.32424e-18
warning: called from
    solveLinearSystem at line 21 column 19
    solveLinearProblem at line 361 column 30
    stepFunction at line 739 column 39
    stepFunction at line 307 column 25
    solveMinistep at line 373 column 37
    solveTimestep at line 209 column 39
    simulateScheduleAD at line 295 column 29
    run_diffusion at line 147 column 28
    run at line 93 column 5

warning: matrix singular to machine precision, rcond = 1.70748e-17
warning: called from
    solveLinearSystem at line 21 column 19
    solveLinearProblem at line 361 column 30
    stepFunction at line 739 column 39
    stepFunction at line 307 column 25
    solveMinistep at line 373 column 37
    solveTimestep at line 209 column 39
    simulateScheduleAD at line 295 column 29
    run_diffusion at line 147 column 28
    run at line 93 column 5

warning: matrix singular to machine precision, rcond = 2.23529e-17
warning: called from
    solveLinearSystem at line 21 column 19
    solveLinearProblem at line 361 column 30
    stepFunction at line 739 column 39
    stepFunction at line 307 column 25
    solveMinistep at line 373 column 37
    solveTimestep at line 209 column 39
    simulateScheduleAD at line 295 column 29
    run_diffusion at line 147 column 28
    run at line 93 column 5

warning: matrix singular to machine precision, rcond = 1.07688e-17
warning: called from
    solveLinearSystem at line 21 column 19
    solveLinearProblem at line 361 column 30
    stepFunction at line 739 column 39
    stepFunction at line 307 column 25
    solveMinistep at line 373 column 37
    solveTimestep at line 209 column 39
    simulateScheduleAD at line 295 column 29
    run_diffusion at line 147 column 28
    run at line 93 column 5

warning: matrix singular to machine precision, rcond = 9.0475e-18
warning: called from
    solveLinearSystem at line 21 column 19
    solveLinearProblem at line 361 column 30
    stepFunction at line 739 column 39
    stepFunction at line 307 column 25
    solveMinistep at line 373 column 37
    solveTimestep at line 209 column 39
    simulateScheduleAD at line 295 column 29
    run_diffusion at line 147 column 28
    run at line 93 column 5

warning: matrix singular to machine precision, rcond = 1.69395e-17
warning: called from
    solveLinearSystem at line 21 column 19
    solveLinearProblem at line 361 column 30
    stepFunction at line 739 column 39
    stepFunction at line 307 column 25
    solveMinistep at line 373 column 37
    solveTimestep at line 209 column 39
    simulateScheduleAD at line 295 column 29
    run_diffusion at line 147 column 28
    run at line 93 column 5

warning: matrix singular to machine precision, rcond = 1.7545e-17
warning: called from
    solveLinearSystem at line 21 column 19
    solveLinearProblem at line 361 column 30
    stepFunction at line 739 column 39
    stepFunction at line 307 column 25
    solveMinistep at line 373 column 37
    solveTimestep at line 209 column 39
    simulateScheduleAD at line 295 column 29
    run_diffusion at line 147 column 28
    run at line 93 column 5

warning: matrix singular to machine precision, rcond = 1.72523e-17
warning: called from
    solveLinearSystem at line 21 column 19
    solveLinearProblem at line 361 column 30
    stepFunction at line 739 column 39
    stepFunction at line 307 column 25
    solveMinistep at line 373 column 37
    solveTimestep at line 209 column 39
    simulateScheduleAD at line 295 column 29
    run_diffusion at line 147 column 28
    run at line 93 column 5

warning: matrix singular to machine precision, rcond = 1.64114e-17
warning: called from
    solveLinearSystem at line 21 column 19
    solveLinearProblem at line 361 column 30
    stepFunction at line 739 column 39
    stepFunction at line 307 column 25
    solveMinistep at line 373 column 37
    solveTimestep at line 209 column 39
    simulateScheduleAD at line 295 column 29
    run_diffusion at line 147 column 28
    run at line 93 column 5

warning: matrix singular to machine precision, rcond = 1.65263e-17
warning: called from
    solveLinearSystem at line 21 column 19
    solveLinearProblem at line 361 column 30
    stepFunction at line 739 column 39
    stepFunction at line 307 column 25
    solveMinistep at line 373 column 37
    solveTimestep at line 209 column 39
    simulateScheduleAD at line 295 column 29
    run_diffusion at line 147 column 28
    run at line 93 column 5

warning: matrix singular to machine precision, rcond = 9.72987e-18
warning: called from
    solveLinearSystem at line 21 column 19
    solveLinearProblem at line 361 column 30
    stepFunction at line 739 column 39
    stepFunction at line 307 column 25
    solveMinistep at line 373 column 37
    solveTimestep at line 209 column 39
    simulateScheduleAD at line 295 column 29
    run_diffusion at line 147 column 28
    run at line 93 column 5

warning: matrix singular to machine precision, rcond = 1.30959e-17
warning: called from
    solveLinearSystem at line 21 column 19
    solveLinearProblem at line 361 column 30
    stepFunction at line 739 column 39
    stepFunction at line 307 column 25
    solveMinistep at line 373 column 37
    solveTimestep at line 209 column 39
    simulateScheduleAD at line 295 column 29
    run_diffusion at line 147 column 28
    run at line 93 column 5

warning: matrix singular to machine precision, rcond = 5.51627e-17
warning: called from
    solveLinearSystem at line 21 column 19
    solveLinearProblem at line 361 column 30
    stepFunction at line 739 column 39
    stepFunction at line 307 column 25
    solveMinistep at line 373 column 37
    solveTimestep at line 209 column 39
    simulateScheduleAD at line 295 column 29
    run_diffusion at line 147 column 28
    run at line 93 column 5

warning: matrix singular to machine precision, rcond = 9.31583e-19
warning: called from
    solveLinearSystem at line 21 column 19
    solveLinearProblem at line 361 column 30
    stepFunction at line 739 column 39
    stepFunction at line 307 column 25
    solveMinistep at line 373 column 37
    solveTimestep at line 209 column 39
    simulateScheduleAD at line 295 column 29
    run_diffusion at line 147 column 28
    run at line 93 column 5

warning: matrix singular to machine precision, rcond = 9.08669e-18
warning: called from
    solveLinearSystem at line 21 column 19
    solveLinearProblem at line 361 column 30
    stepFunction at line 739 column 39
    stepFunction at line 307 column 25
    solveMinistep at line 373 column 37
    solveTimestep at line 209 column 39
    simulateScheduleAD at line 295 column 29
    run_diffusion at line 147 column 28
    run at line 93 column 5

warning: matrix singular to machine precision, rcond = 9.15603e-18
warning: called from
    solveLinearSystem at line 21 column 19
    solveLinearProblem at line 361 column 30
    stepFunction at line 739 column 39
    stepFunction at line 307 column 25
    solveMinistep at line 373 column 37
    solveTimestep at line 209 column 39
    simulateScheduleAD at line 295 column 29
    run_diffusion at line 147 column 28
    run at line 93 column 5

warning: matrix singular to machine precision, rcond = 9.21881e-18
warning: called from
    solveLinearSystem at line 21 column 19
    solveLinearProblem at line 361 column 30
    stepFunction at line 739 column 39
    stepFunction at line 307 column 25
    solveMinistep at line 373 column 37
    solveTimestep at line 209 column 39
    simulateScheduleAD at line 295 column 29
    run_diffusion at line 147 column 28
    run at line 93 column 5

Solving timestep 22/69: 17 Hours -> 18 Hours
warning: matrix singular to machine precision, rcond = 1.14899e-17
warning: called from
    solveLinearSystem at line 21 column 19
    solveLinearProblem at line 361 column 30
    stepFunction at line 739 column 39
    stepFunction at line 307 column 25
    solveMinistep at line 373 column 37
    solveTimestep at line 209 column 39
    simulateScheduleAD at line 295 column 29
    run_diffusion at line 147 column 28
    run at line 93 column 5

warning: matrix singular to machine precision, rcond = 2.46199e-17
warning: called from
    solveLinearSystem at line 21 column 19
    solveLinearProblem at line 361 column 30
    stepFunction at line 739 column 39
    stepFunction at line 307 column 25
    solveMinistep at line 373 column 37
    solveTimestep at line 209 column 39
    simulateScheduleAD at line 295 column 29
    run_diffusion at line 147 column 28
    run at line 93 column 5

warning: matrix singular to machine precision, rcond = 6.22347e-17
warning: called from
    solveLinearSystem at line 21 column 19
    solveLinearProblem at line 361 column 30
    stepFunction at line 739 column 39
    stepFunction at line 307 column 25
    solveMinistep at line 373 column 37
    solveTimestep at line 209 column 39
    simulateScheduleAD at line 295 column 29
    run_diffusion at line 147 column 28
    run at line 93 column 5

warning: matrix singular to machine precision, rcond = 1.05833e-17
warning: called from
    solveLinearSystem at line 21 column 19
    solveLinearProblem at line 361 column 30
    stepFunction at line 739 column 39
    stepFunction at line 307 column 25
    solveMinistep at line 373 column 37
    solveTimestep at line 209 column 39
    simulateScheduleAD at line 295 column 29
    run_diffusion at line 147 column 28
    run at line 93 column 5

warning: matrix singular to machine precision, rcond = 1.36062e-17
warning: called from
    solveLinearSystem at line 21 column 19
    solveLinearProblem at line 361 column 30
    stepFunction at line 739 column 39
    stepFunction at line 307 column 25
    solveMinistep at line 373 column 37
    solveTimestep at line 209 column 39
    simulateScheduleAD at line 295 column 29
    run_diffusion at line 147 column 28
    run at line 93 column 5

warning: matrix singular to machine precision, rcond = 1.51077e-17
warning: called from
    solveLinearSystem at line 21 column 19
    solveLinearProblem at line 361 column 30
    stepFunction at line 739 column 39
    stepFunction at line 307 column 25
    solveMinistep at line 373 column 37
    solveTimestep at line 209 column 39
    simulateScheduleAD at line 295 column 29
    run_diffusion at line 147 column 28
    run at line 93 column 5

warning: matrix singular to machine precision, rcond = 1.16905e-17
warning: called from
    solveLinearSystem at line 21 column 19
    solveLinearProblem at line 361 column 30
    stepFunction at line 739 column 39
    stepFunction at line 307 column 25
    solveMinistep at line 373 column 37
    solveTimestep at line 209 column 39
    simulateScheduleAD at line 295 column 29
    run_diffusion at line 147 column 28
    run at line 93 column 5

warning: matrix singular to machine precision, rcond = 1.39796e-17
warning: called from
    solveLinearSystem at line 21 column 19
    solveLinearProblem at line 361 column 30
    stepFunction at line 739 column 39
    stepFunction at line 307 column 25
    solveMinistep at line 373 column 37
    solveTimestep at line 209 column 39
    simulateScheduleAD at line 295 column 29
    run_diffusion at line 147 column 28
    run at line 93 column 5

warning: matrix singular to machine precision, rcond = 3.2422e-17
warning: called from
    solveLinearSystem at line 21 column 19
    solveLinearProblem at line 361 column 30
    stepFunction at line 739 column 39
    stepFunction at line 307 column 25
    solveMinistep at line 373 column 37
    solveTimestep at line 209 column 39
    simulateScheduleAD at line 295 column 29
    run_diffusion at line 147 column 28
    run at line 93 column 5

warning: matrix singular to machine precision, rcond = 1.70594e-18
warning: called from
    solveLinearSystem at line 21 column 19
    solveLinearProblem at line 361 column 30
    stepFunction at line 739 column 39
    stepFunction at line 307 column 25
    solveMinistep at line 373 column 37
    solveTimestep at line 209 column 39
    simulateScheduleAD at line 295 column 29
    run_diffusion at line 147 column 28
    run at line 93 column 5

warning: matrix singular to machine precision, rcond = 9.68866e-18
warning: called from
    solveLinearSystem at line 21 column 19
    solveLinearProblem at line 361 column 30
    stepFunction at line 739 column 39
    stepFunction at line 307 column 25
    solveMinistep at line 373 column 37
    solveTimestep at line 209 column 39
    simulateScheduleAD at line 295 column 29
    run_diffusion at line 147 column 28
    run at line 93 column 5

warning: matrix singular to machine precision, rcond = 9.65171e-19
warning: called from
    solveLinearSystem at line 21 column 19
    solveLinearProblem at line 361 column 30
    stepFunction at line 739 column 39
    stepFunction at line 307 column 25
    solveMinistep at line 373 column 37
    solveTimestep at line 209 column 39
    simulateScheduleAD at line 295 column 29
    run_diffusion at line 147 column 28
    run at line 93 column 5

warning: matrix singular to machine precision, rcond = 8.83397e-18
warning: called from
    solveLinearSystem at line 21 column 19
    solveLinearProblem at line 361 column 30
    stepFunction at line 739 column 39
    stepFunction at line 307 column 25
    solveMinistep at line 373 column 37
    solveTimestep at line 209 column 39
    simulateScheduleAD at line 295 column 29
    run_diffusion at line 147 column 28
    run at line 93 column 5

warning: matrix singular to machine precision, rcond = 8.82157e-18
warning: called from
    solveLinearSystem at line 21 column 19
    solveLinearProblem at line 361 column 30
    stepFunction at line 739 column 39
    stepFunction at line 307 column 25
    solveMinistep at line 373 column 37
    solveTimestep at line 209 column 39
    simulateScheduleAD at line 295 column 29
    run_diffusion at line 147 column 28
    run at line 93 column 5

warning: matrix singular to machine precision, rcond = 8.82242e-18
warning: called from
    solveLinearSystem at line 21 column 19
    solveLinearProblem at line 361 column 30
    stepFunction at line 739 column 39
    stepFunction at line 307 column 25
    solveMinistep at line 373 column 37
    solveTimestep at line 209 column 39
    simulateScheduleAD at line 295 column 29
    run_diffusion at line 147 column 28
    run at line 93 column 5

warning: matrix singular to machine precision, rcond = 9.15279e-19
warning: called from
    solveLinearSystem at line 21 column 19
    solveLinearProblem at line 361 column 30
    stepFunction at line 739 column 39
    stepFunction at line 307 column 25
    solveMinistep at line 373 column 37
    solveTimestep at line 209 column 39
    simulateScheduleAD at line 295 column 29
    run_diffusion at line 147 column 28
    run at line 93 column 5

Solver did not converge in 10 iterations for timestep of length 642 Seconds, 95 Milliseconds. Cutting timestep.
Solver did not converge in 10 iterations for timestep of length 417 Seconds, 361 Milliseconds. Cutting timestep.
warning: matrix singular to machine precision, rcond = 2.32403e-17
warning: called from
    solveLinearSystem at line 21 column 19
    solveLinearProblem at line 361 column 30
    stepFunction at line 739 column 39
    stepFunction at line 307 column 25
    solveMinistep at line 373 column 37
    solveTimestep at line 209 column 39
    simulateScheduleAD at line 295 column 29
    run_diffusion at line 147 column 28
    run at line 93 column 5

Solving timestep 23/69: 18 Hours -> 19 Hours
warning: matrix singular to machine precision, rcond = 1.63523e-17
warning: called from
    solveLinearSystem at line 21 column 19
    solveLinearProblem at line 361 column 30
    stepFunction at line 739 column 39
    stepFunction at line 307 column 25
    solveMinistep at line 373 column 37
    solveTimestep at line 209 column 39
    simulateScheduleAD at line 295 column 29
    run_diffusion at line 147 column 28
    run at line 93 column 5

warning: matrix singular to machine precision, rcond = 2.26318e-17
warning: called from
    solveLinearSystem at line 21 column 19
    solveLinearProblem at line 361 column 30
    stepFunction at line 739 column 39
    stepFunction at line 307 column 25
    solveMinistep at line 373 column 37
    solveTimestep at line 209 column 39
    simulateScheduleAD at line 295 column 29
    run_diffusion at line 147 column 28
    run at line 93 column 5

warning: matrix singular to machine precision, rcond = 1.43606e-17
warning: called from
    solveLinearSystem at line 21 column 19
    solveLinearProblem at line 361 column 30
    stepFunction at line 739 column 39
    stepFunction at line 307 column 25
    solveMinistep at line 373 column 37
    solveTimestep at line 209 column 39
    simulateScheduleAD at line 295 column 29
    run_diffusion at line 147 column 28
    run at line 93 column 5

warning: matrix singular to machine precision, rcond = 3.29175e-17
warning: called from
    solveLinearSystem at line 21 column 19
    solveLinearProblem at line 361 column 30
    stepFunction at line 739 column 39
    stepFunction at line 307 column 25
    solveMinistep at line 373 column 37
    solveTimestep at line 209 column 39
    simulateScheduleAD at line 295 column 29
    run_diffusion at line 147 column 28
    run at line 93 column 5

warning: matrix singular to machine precision, rcond = 1.94163e-17
warning: called from
    solveLinearSystem at line 21 column 19
    solveLinearProblem at line 361 column 30
    stepFunction at line 739 column 39
    stepFunction at line 307 column 25
    solveMinistep at line 373 column 37
    solveTimestep at line 209 column 39
    simulateScheduleAD at line 295 column 29
    run_diffusion at line 147 column 28
    run at line 93 column 5

warning: matrix singular to machine precision, rcond = 6.67997e-18
warning: called from
    solveLinearSystem at line 21 column 19
    solveLinearProblem at line 361 column 30
    stepFunction at line 739 column 39
    stepFunction at line 307 column 25
    solveMinistep at line 373 column 37
    solveTimestep at line 209 column 39
    simulateScheduleAD at line 295 column 29
    run_diffusion at line 147 column 28
    run at line 93 column 5

warning: matrix singular to machine precision, rcond = 5.47832e-17
warning: called from
    solveLinearSystem at line 21 column 19
    solveLinearProblem at line 361 column 30
    stepFunction at line 739 column 39
    stepFunction at line 307 column 25
    solveMinistep at line 373 column 37
    solveTimestep at line 209 column 39
    simulateScheduleAD at line 295 column 29
    run_diffusion at line 147 column 28
    run at line 93 column 5

warning: matrix singular to machine precision, rcond = 2.12055e-17
warning: called from
    solveLinearSystem at line 21 column 19
    solveLinearProblem at line 361 column 30
    stepFunction at line 739 column 39
    stepFunction at line 307 column 25
    solveMinistep at line 373 column 37
    solveTimestep at line 209 column 39
    simulateScheduleAD at line 295 column 29
    run_diffusion at line 147 column 28
    run at line 93 column 5

warning: matrix singular to machine precision, rcond = 2.15647e-17
warning: called from
    solveLinearSystem at line 21 column 19
    solveLinearProblem at line 361 column 30
    stepFunction at line 739 column 39
    stepFunction at line 307 column 25
    solveMinistep at line 373 column 37
    solveTimestep at line 209 column 39
    simulateScheduleAD at line 295 column 29
    run_diffusion at line 147 column 28
    run at line 93 column 5

warning: matrix singular to machine precision, rcond = 1.32611e-19
warning: called from
    solveLinearSystem at line 21 column 19
    solveLinearProblem at line 361 column 30
    stepFunction at line 739 column 39
    stepFunction at line 307 column 25
    solveMinistep at line 373 column 37
    solveTimestep at line 209 column 39
    simulateScheduleAD at line 295 column 29
    run_diffusion at line 147 column 28
    run at line 93 column 5

warning: matrix singular to machine precision, rcond = 4.11876e-17
warning: called from
    solveLinearSystem at line 21 column 19
    solveLinearProblem at line 361 column 30
    stepFunction at line 739 column 39
    stepFunction at line 307 column 25
    solveMinistep at line 373 column 37
    solveTimestep at line 209 column 39
    simulateScheduleAD at line 295 column 29
    run_diffusion at line 147 column 28
    run at line 93 column 5

warning: matrix singular to machine precision, rcond = 2.36776e-17
warning: called from
    solveLinearSystem at line 21 column 19
    solveLinearProblem at line 361 column 30
    stepFunction at line 739 column 39
    stepFunction at line 307 column 25
    solveMinistep at line 373 column 37
    solveTimestep at line 209 column 39
    simulateScheduleAD at line 295 column 29
    run_diffusion at line 147 column 28
    run at line 93 column 5

warning: matrix singular to machine precision, rcond = 2.82928e-17
warning: called from
    solveLinearSystem at line 21 column 19
    solveLinearProblem at line 361 column 30
    stepFunction at line 739 column 39
    stepFunction at line 307 column 25
    solveMinistep at line 373 column 37
    solveTimestep at line 209 column 39
    simulateScheduleAD at line 295 column 29
    run_diffusion at line 147 column 28
    run at line 93 column 5

warning: matrix singular to machine precision, rcond = 2.38172e-17
warning: called from
    solveLinearSystem at line 21 column 19
    solveLinearProblem at line 361 column 30
    stepFunction at line 739 column 39
    stepFunction at line 307 column 25
    solveMinistep at line 373 column 37
    solveTimestep at line 209 column 39
    simulateScheduleAD at line 295 column 29
    run_diffusion at line 147 column 28
    run at line 93 column 5

warning: matrix singular to machine precision, rcond = 1.12904e-18
warning: called from
    solveLinearSystem at line 21 column 19
    solveLinearProblem at line 361 column 30
    stepFunction at line 739 column 39
    stepFunction at line 307 column 25
    solveMinistep at line 373 column 37
    solveTimestep at line 209 column 39
    simulateScheduleAD at line 295 column 29
    run_diffusion at line 147 column 28
    run at line 93 column 5

warning: matrix singular to machine precision, rcond = 4.6266e-18
warning: called from
    solveLinearSystem at line 21 column 19
    solveLinearProblem at line 361 column 30
    stepFunction at line 739 column 39
    stepFunction at line 307 column 25
    solveMinistep at line 373 column 37
    solveTimestep at line 209 column 39
    simulateScheduleAD at line 295 column 29
    run_diffusion at line 147 column 28
    run at line 93 column 5

warning: matrix singular to machine precision, rcond = 4.28604e-18
warning: called from
    solveLinearSystem at line 21 column 19
    solveLinearProblem at line 361 column 30
    stepFunction at line 739 column 39
    stepFunction at line 307 column 25
    solveMinistep at line 373 column 37
    solveTimestep at line 209 column 39
    simulateScheduleAD at line 295 column 29
    run_diffusion at line 147 column 28
    run at line 93 column 5

warning: matrix singular to machine precision, rcond = 1.97983e-17
warning: called from
    solveLinearSystem at line 21 column 19
    solveLinearProblem at line 361 column 30
    stepFunction at line 739 column 39
    stepFunction at line 307 column 25
    solveMinistep at line 373 column 37
    solveTimestep at line 209 column 39
    simulateScheduleAD at line 295 column 29
    run_diffusion at line 147 column 28
    run at line 93 column 5

warning: matrix singular to machine precision, rcond = 2.20251e-17
warning: called from
    solveLinearSystem at line 21 column 19
    solveLinearProblem at line 361 column 30
    stepFunction at line 739 column 39
    stepFunction at line 307 column 25
    solveMinistep at line 373 column 37
    solveTimestep at line 209 column 39
    simulateScheduleAD at line 295 column 29
    run_diffusion at line 147 column 28
    run at line 93 column 5

warning: matrix singular to machine precision, rcond = 4.40285e-17
warning: called from
    solveLinearSystem at line 21 column 19
    solveLinearProblem at line 361 column 30
    stepFunction at line 739 column 39
    stepFunction at line 307 column 25
    solveMinistep at line 373 column 37
    solveTimestep at line 209 column 39
    simulateScheduleAD at line 295 column 29
    run_diffusion at line 147 column 28
    run at line 93 column 5

warning: matrix singular to machine precision, rcond = 1.86136e-18
warning: called from
    solveLinearSystem at line 21 column 19
    solveLinearProblem at line 361 column 30
    stepFunction at line 739 column 39
    stepFunction at line 307 column 25
    solveMinistep at line 373 column 37
    solveTimestep at line 209 column 39
    simulateScheduleAD at line 295 column 29
    run_diffusion at line 147 column 28
    run at line 93 column 5

warning: matrix singular to machine precision, rcond = 1.21286e-17
warning: called from
    solveLinearSystem at line 21 column 19
    solveLinearProblem at line 361 column 30
    stepFunction at line 739 column 39
    stepFunction at line 307 column 25
    solveMinistep at line 373 column 37
    solveTimestep at line 209 column 39
    simulateScheduleAD at line 295 column 29
    run_diffusion at line 147 column 28
    run at line 93 column 5

warning: matrix singular to machine precision, rcond = 9.09761e-17
warning: called from
    solveLinearSystem at line 21 column 19
    solveLinearProblem at line 361 column 30
    stepFunction at line 739 column 39
    stepFunction at line 307 column 25
    solveMinistep at line 373 column 37
    solveTimestep at line 209 column 39
    simulateScheduleAD at line 295 column 29
    run_diffusion at line 147 column 28
    run at line 93 column 5

warning: matrix singular to machine precision, rcond = 1.16502e-17
warning: called from
    solveLinearSystem at line 21 column 19
    solveLinearProblem at line 361 column 30
    stepFunction at line 739 column 39
    stepFunction at line 307 column 25
    solveMinistep at line 373 column 37
    solveTimestep at line 209 column 39
    simulateScheduleAD at line 295 column 29
    run_diffusion at line 147 column 28
    run at line 93 column 5

warning: matrix singular to machine precision, rcond = 1.36114e-17
warning: called from
    solveLinearSystem at line 21 column 19
    solveLinearProblem at line 361 column 30
    stepFunction at line 739 column 39
    stepFunction at line 307 column 25
    solveMinistep at line 373 column 37
    solveTimestep at line 209 column 39
    simulateScheduleAD at line 295 column 29
    run_diffusion at line 147 column 28
    run at line 93 column 5

warning: matrix singular to machine precision, rcond = 1.13721e-17
warning: called from
    solveLinearSystem at line 21 column 19
    solveLinearProblem at line 361 column 30
    stepFunction at line 739 column 39
    stepFunction at line 307 column 25
    solveMinistep at line 373 column 37
    solveTimestep at line 209 column 39
    simulateScheduleAD at line 295 column 29
    run_diffusion at line 147 column 28
    run at line 93 column 5

warning: matrix singular to machine precision, rcond = 1.32977e-17
warning: called from
    solveLinearSystem at line 21 column 19
    solveLinearProblem at line 361 column 30
    stepFunction at line 739 column 39
    stepFunction at line 307 column 25
    solveMinistep at line 373 column 37
    solveTimestep at line 209 column 39
    simulateScheduleAD at line 295 column 29
    run_diffusion at line 147 column 28
    run at line 93 column 5

warning: matrix singular to machine precision, rcond = 2.56046e-17
warning: called from
    solveLinearSystem at line 21 column 19
    solveLinearProblem at line 361 column 30
    stepFunction at line 739 column 39
    stepFunction at line 307 column 25
    solveMinistep at line 373 column 37
    solveTimestep at line 209 column 39
    simulateScheduleAD at line 295 column 29
    run_diffusion at line 147 column 28
    run at line 93 column 5

Solving timestep 24/69: 19 Hours -> 20 Hours
warning: matrix singular to machine precision, rcond = 8.77264e-17
warning: called from
    solveLinearSystem at line 21 column 19
    solveLinearProblem at line 361 column 30
    stepFunction at line 739 column 39
    stepFunction at line 307 column 25
    solveMinistep at line 373 column 37
    solveTimestep at line 209 column 39
    simulateScheduleAD at line 295 column 29
    run_diffusion at line 147 column 28
    run at line 93 column 5

warning: matrix singular to machine precision, rcond = 1.01549e-16
warning: called from
    solveLinearSystem at line 21 column 19
    solveLinearProblem at line 361 column 30
    stepFunction at line 739 column 39
    stepFunction at line 307 column 25
    solveMinistep at line 373 column 37
    solveTimestep at line 209 column 39
    simulateScheduleAD at line 295 column 29
    run_diffusion at line 147 column 28
    run at line 93 column 5

warning: matrix singular to machine precision, rcond = 1.32617e-17
warning: called from
    solveLinearSystem at line 21 column 19
    solveLinearProblem at line 361 column 30
    stepFunction at line 739 column 39
    stepFunction at line 307 column 25
    solveMinistep at line 373 column 37
    solveTimestep at line 209 column 39
    simulateScheduleAD at line 295 column 29
    run_diffusion at line 147 column 28
    run at line 93 column 5

Solver did not converge in 10 iterations for timestep of length 584 Seconds, 264 Milliseconds. Cutting timestep.
Solver did not converge in 10 iterations for timestep of length 292 Seconds, 132 Milliseconds. Cutting timestep.
Solver did not converge in 10 iterations for timestep of length 237 Seconds, 357 Milliseconds. Cutting timestep.
Solving timestep 25/69: 20 Hours -> 21 Hours
warning: matrix singular to machine precision, rcond = 9.53991e-18
warning: called from
    solveLinearSystem at line 21 column 19
    solveLinearProblem at line 361 column 30
    stepFunction at line 739 column 39
    stepFunction at line 307 column 25
    solveMinistep at line 373 column 37
    solveTimestep at line 209 column 39
    simulateScheduleAD at line 295 column 29
    run_diffusion at line 147 column 28
    run at line 93 column 5

warning: matrix singular to machine precision, rcond = 1.06082e-17
warning: called from
    solveLinearSystem at line 21 column 19
    solveLinearProblem at line 361 column 30
    stepFunction at line 739 column 39
    stepFunction at line 307 column 25
    solveMinistep at line 373 column 37
    solveTimestep at line 209 column 39
    simulateScheduleAD at line 295 column 29
    run_diffusion at line 147 column 28
    run at line 93 column 5

warning: matrix singular to machine precision, rcond = 1.0587e-19
warning: called from
    solveLinearSystem at line 21 column 19
    solveLinearProblem at line 361 column 30
    stepFunction at line 739 column 39
    stepFunction at line 307 column 25
    solveMinistep at line 373 column 37
    solveTimestep at line 209 column 39
    simulateScheduleAD at line 295 column 29
    run_diffusion at line 147 column 28
    run at line 93 column 5

warning: matrix singular to machine precision, rcond = 1.05172e-17
warning: called from
    solveLinearSystem at line 21 column 19
    solveLinearProblem at line 361 column 30
    stepFunction at line 739 column 39
    stepFunction at line 307 column 25
    solveMinistep at line 373 column 37
    solveTimestep at line 209 column 39
    simulateScheduleAD at line 295 column 29
    run_diffusion at line 147 column 28
    run at line 93 column 5

warning: matrix singular to machine precision, rcond = 1.03336e-17
warning: called from
    solveLinearSystem at line 21 column 19
    solveLinearProblem at line 361 column 30
    stepFunction at line 739 column 39
    stepFunction at line 307 column 25
    solveMinistep at line 373 column 37
    solveTimestep at line 209 column 39
    simulateScheduleAD at line 295 column 29
    run_diffusion at line 147 column 28
    run at line 93 column 5

warning: matrix singular to machine precision, rcond = 9.91757e-18
warning: called from
    solveLinearSystem at line 21 column 19
    solveLinearProblem at line 361 column 30
    stepFunction at line 739 column 39
    stepFunction at line 307 column 25
    solveMinistep at line 373 column 37
    solveTimestep at line 209 column 39
    simulateScheduleAD at line 295 column 29
    run_diffusion at line 147 column 28
    run at line 93 column 5

warning: matrix singular to machine precision, rcond = 9.96477e-18
warning: called from
    solveLinearSystem at line 21 column 19
    solveLinearProblem at line 361 column 30
    stepFunction at line 739 column 39
    stepFunction at line 307 column 25
    solveMinistep at line 373 column 37
    solveTimestep at line 209 column 39
    simulateScheduleAD at line 295 column 29
    run_diffusion at line 147 column 28
    run at line 93 column 5

warning: matrix singular to machine precision, rcond = 2.17696e-18
warning: called from
    solveLinearSystem at line 21 column 19
    solveLinearProblem at line 361 column 30
    stepFunction at line 739 column 39
    stepFunction at line 307 column 25
    solveMinistep at line 373 column 37
    solveTimestep at line 209 column 39
    simulateScheduleAD at line 295 column 29
    run_diffusion at line 147 column 28
    run at line 93 column 5

warning: matrix singular to machine precision, rcond = 2.43332e-17
warning: called from
    solveLinearSystem at line 21 column 19
    solveLinearProblem at line 361 column 30
    stepFunction at line 739 column 39
    stepFunction at line 307 column 25
    solveMinistep at line 373 column 37
    solveTimestep at line 209 column 39
    simulateScheduleAD at line 295 column 29
    run_diffusion at line 147 column 28
    run at line 93 column 5

warning: matrix singular to machine precision, rcond = 4.24811e-17
warning: called from
    solveLinearSystem at line 21 column 19
    solveLinearProblem at line 361 column 30
    stepFunction at line 739 column 39
    stepFunction at line 307 column 25
    solveMinistep at line 373 column 37
    solveTimestep at line 209 column 39
    simulateScheduleAD at line 295 column 29
    run_diffusion at line 147 column 28
    run at line 93 column 5

warning: matrix singular to machine precision, rcond = 1.70314e-17
warning: called from
    solveLinearSystem at line 21 column 19
    solveLinearProblem at line 361 column 30
    stepFunction at line 739 column 39
    stepFunction at line 307 column 25
    solveMinistep at line 373 column 37
    solveTimestep at line 209 column 39
    simulateScheduleAD at line 295 column 29
    run_diffusion at line 147 column 28
    run at line 93 column 5

warning: matrix singular to machine precision, rcond = 2.02549e-17
warning: called from
    solveLinearSystem at line 21 column 19
    solveLinearProblem at line 361 column 30
    stepFunction at line 739 column 39
    stepFunction at line 307 column 25
    solveMinistep at line 373 column 37
    solveTimestep at line 209 column 39
    simulateScheduleAD at line 295 column 29
    run_diffusion at line 147 column 28
    run at line 93 column 5

warning: matrix singular to machine precision, rcond = 2.40407e-18
warning: called from
    solveLinearSystem at line 21 column 19
    solveLinearProblem at line 361 column 30
    stepFunction at line 739 column 39
    stepFunction at line 307 column 25
    solveMinistep at line 373 column 37
    solveTimestep at line 209 column 39
    simulateScheduleAD at line 295 column 29
    run_diffusion at line 147 column 28
    run at line 93 column 5

warning: matrix singular to machine precision, rcond = 2.01509e-17
warning: called from
    solveLinearSystem at line 21 column 19
    solveLinearProblem at line 361 column 30
    stepFunction at line 739 column 39
    stepFunction at line 307 column 25
    solveMinistep at line 373 column 37
    solveTimestep at line 209 column 39
    simulateScheduleAD at line 295 column 29
    run_diffusion at line 147 column 28
    run at line 93 column 5

warning: matrix singular to machine precision, rcond = 2.02697e-17
warning: called from
    solveLinearSystem at line 21 column 19
    solveLinearProblem at line 361 column 30
    stepFunction at line 739 column 39
    stepFunction at line 307 column 25
    solveMinistep at line 373 column 37
    solveTimestep at line 209 column 39
    simulateScheduleAD at line 295 column 29
    run_diffusion at line 147 column 28
    run at line 93 column 5

warning: matrix singular to machine precision, rcond = 2.42704e-18
warning: called from
    solveLinearSystem at line 21 column 19
    solveLinearProblem at line 361 column 30
    stepFunction at line 739 column 39
    stepFunction at line 307 column 25
    solveMinistep at line 373 column 37
    solveTimestep at line 209 column 39
    simulateScheduleAD at line 295 column 29
    run_diffusion at line 147 column 28
    run at line 93 column 5

Solver did not converge in 10 iterations for timestep of length 784 Seconds, 12 Milliseconds. Cutting timestep.
warning: matrix singular to machine precision, rcond = 8.6673e-17
warning: called from
    solveLinearSystem at line 21 column 19
    solveLinearProblem at line 361 column 30
    stepFunction at line 739 column 39
    stepFunction at line 307 column 25
    solveMinistep at line 373 column 37
    solveTimestep at line 209 column 39
    simulateScheduleAD at line 295 column 29
    run_diffusion at line 147 column 28
    run at line 93 column 5

warning: matrix singular to machine precision, rcond = 7.3549e-19
warning: called from
    solveLinearSystem at line 21 column 19
    solveLinearProblem at line 361 column 30
    stepFunction at line 739 column 39
    stepFunction at line 307 column 25
    solveMinistep at line 373 column 37
    solveTimestep at line 209 column 39
    simulateScheduleAD at line 295 column 29
    run_diffusion at line 147 column 28
    run at line 93 column 5

warning: matrix singular to machine precision, rcond = 8.87174e-19
warning: called from
    solveLinearSystem at line 21 column 19
    solveLinearProblem at line 361 column 30
    stepFunction at line 739 column 39
    stepFunction at line 307 column 25
    solveMinistep at line 373 column 37
    solveTimestep at line 209 column 39
    simulateScheduleAD at line 295 column 29
    run_diffusion at line 147 column 28
    run at line 93 column 5

warning: matrix singular to machine precision, rcond = 1.5774e-17
warning: called from
    solveLinearSystem at line 21 column 19
    solveLinearProblem at line 361 column 30
    stepFunction at line 739 column 39
    stepFunction at line 307 column 25
    solveMinistep at line 373 column 37
    solveTimestep at line 209 column 39
    simulateScheduleAD at line 295 column 29
    run_diffusion at line 147 column 28
    run at line 93 column 5

warning: matrix singular to machine precision, rcond = 6.96733e-19
warning: called from
    solveLinearSystem at line 21 column 19
    solveLinearProblem at line 361 column 30
    stepFunction at line 739 column 39
    stepFunction at line 307 column 25
    solveMinistep at line 373 column 37
    solveTimestep at line 209 column 39
    simulateScheduleAD at line 295 column 29
    run_diffusion at line 147 column 28
    run at line 93 column 5

warning: matrix singular to machine precision, rcond = 7.53155e-19
warning: called from
    solveLinearSystem at line 21 column 19
    solveLinearProblem at line 361 column 30
    stepFunction at line 739 column 39
    stepFunction at line 307 column 25
    solveMinistep at line 373 column 37
    solveTimestep at line 209 column 39
    simulateScheduleAD at line 295 column 29
    run_diffusion at line 147 column 28
    run at line 93 column 5

warning: matrix singular to machine precision, rcond = 8.09687e-19
warning: called from
    solveLinearSystem at line 21 column 19
    solveLinearProblem at line 361 column 30
    stepFunction at line 739 column 39
    stepFunction at line 307 column 25
    solveMinistep at line 373 column 37
    solveTimestep at line 209 column 39
    simulateScheduleAD at line 295 column 29
    run_diffusion at line 147 column 28
    run at line 93 column 5

warning: matrix singular to machine precision, rcond = 7.86656e-19
warning: called from
    solveLinearSystem at line 21 column 19
    solveLinearProblem at line 361 column 30
    stepFunction at line 739 column 39
    stepFunction at line 307 column 25
    solveMinistep at line 373 column 37
    solveTimestep at line 209 column 39
    simulateScheduleAD at line 295 column 29
    run_diffusion at line 147 column 28
    run at line 93 column 5

warning: matrix singular to machine precision, rcond = 7.86707e-19
warning: called from
    solveLinearSystem at line 21 column 19
    solveLinearProblem at line 361 column 30
    stepFunction at line 739 column 39
    stepFunction at line 307 column 25
    solveMinistep at line 373 column 37
    solveTimestep at line 209 column 39
    simulateScheduleAD at line 295 column 29
    run_diffusion at line 147 column 28
    run at line 93 column 5

warning: matrix singular to machine precision, rcond = 1.38107e-19
warning: called from
    solveLinearSystem at line 21 column 19
    solveLinearProblem at line 361 column 30
    stepFunction at line 739 column 39
    stepFunction at line 307 column 25
    solveMinistep at line 373 column 37
    solveTimestep at line 209 column 39
    simulateScheduleAD at line 295 column 29
    run_diffusion at line 147 column 28
    run at line 93 column 5

warning: matrix singular to machine precision, rcond = 1.43795e-19
warning: called from
    solveLinearSystem at line 21 column 19
    solveLinearProblem at line 361 column 30
    stepFunction at line 739 column 39
    stepFunction at line 307 column 25
    solveMinistep at line 373 column 37
    solveTimestep at line 209 column 39
    simulateScheduleAD at line 295 column 29
    run_diffusion at line 147 column 28
    run at line 93 column 5

Solver did not converge in 10 iterations for timestep of length 934 Seconds, 933 Milliseconds. Cutting timestep.
Solving timestep 26/69: 21 Hours -> 22 Hours
warning: matrix singular to machine precision, rcond = 1.19326e-17
warning: called from
    solveLinearSystem at line 21 column 19
    solveLinearProblem at line 361 column 30
    stepFunction at line 739 column 39
    stepFunction at line 307 column 25
    solveMinistep at line 373 column 37
    solveTimestep at line 209 column 39
    simulateScheduleAD at line 295 column 29
    run_diffusion at line 147 column 28
    run at line 93 column 5

warning: matrix singular to machine precision, rcond = 1.42955e-17
warning: called from
    solveLinearSystem at line 21 column 19
    solveLinearProblem at line 361 column 30
    stepFunction at line 739 column 39
    stepFunction at line 307 column 25
    solveMinistep at line 373 column 37
    solveTimestep at line 209 column 39
    simulateScheduleAD at line 295 column 29
    run_diffusion at line 147 column 28
    run at line 93 column 5

warning: matrix singular to machine precision, rcond = 9.84077e-18
warning: called from
    solveLinearSystem at line 21 column 19
    solveLinearProblem at line 361 column 30
    stepFunction at line 739 column 39
    stepFunction at line 307 column 25
    solveMinistep at line 373 column 37
    solveTimestep at line 209 column 39
    simulateScheduleAD at line 295 column 29
    run_diffusion at line 147 column 28
    run at line 93 column 5

warning: matrix singular to machine precision, rcond = 1.2472e-17
warning: called from
    solveLinearSystem at line 21 column 19
    solveLinearProblem at line 361 column 30
    stepFunction at line 739 column 39
    stepFunction at line 307 column 25
    solveMinistep at line 373 column 37
    solveTimestep at line 209 column 39
    simulateScheduleAD at line 295 column 29
    run_diffusion at line 147 column 28
    run at line 93 column 5

warning: matrix singular to machine precision, rcond = 1.20232e-17
warning: called from
    solveLinearSystem at line 21 column 19
    solveLinearProblem at line 361 column 30
    stepFunction at line 739 column 39
    stepFunction at line 307 column 25
    solveMinistep at line 373 column 37
    solveTimestep at line 209 column 39
    simulateScheduleAD at line 295 column 29
    run_diffusion at line 147 column 28
    run at line 93 column 5

warning: matrix singular to machine precision, rcond = 1.18024e-17
warning: called from
    solveLinearSystem at line 21 column 19
    solveLinearProblem at line 361 column 30
    stepFunction at line 739 column 39
    stepFunction at line 307 column 25
    solveMinistep at line 373 column 37
    solveTimestep at line 209 column 39
    simulateScheduleAD at line 295 column 29
    run_diffusion at line 147 column 28
    run at line 93 column 5

warning: matrix singular to machine precision, rcond = 1.07945e-16
warning: called from
    solveLinearSystem at line 21 column 19
    solveLinearProblem at line 361 column 30
    stepFunction at line 739 column 39
    stepFunction at line 307 column 25
    solveMinistep at line 373 column 37
    solveTimestep at line 209 column 39
    simulateScheduleAD at line 295 column 29
    run_diffusion at line 147 column 28
    run at line 93 column 5

warning: matrix singular to machine precision, rcond = 3.98653e-17
warning: called from
    solveLinearSystem at line 21 column 19
    solveLinearProblem at line 361 column 30
    stepFunction at line 739 column 39
    stepFunction at line 307 column 25
    solveMinistep at line 373 column 37
    solveTimestep at line 209 column 39
    simulateScheduleAD at line 295 column 29
    run_diffusion at line 147 column 28
    run at line 93 column 5

warning: matrix singular to machine precision, rcond = 3.01882e-17
warning: called from
    solveLinearSystem at line 21 column 19
    solveLinearProblem at line 361 column 30
    stepFunction at line 739 column 39
    stepFunction at line 307 column 25
    solveMinistep at line 373 column 37
    solveTimestep at line 209 column 39
    simulateScheduleAD at line 295 column 29
    run_diffusion at line 147 column 28
    run at line 93 column 5

Solver did not converge in 10 iterations for timestep of length 674 Seconds, 164 Milliseconds. Cutting timestep.
Solver did not converge in 10 iterations for timestep of length 398 Seconds, 370 Milliseconds. Cutting timestep.
Solving timestep 27/69: 22 Hours -> 23 Hours
warning: matrix singular to machine precision, rcond = 6.60646e-18
warning: called from
    solveLinearSystem at line 21 column 19
    solveLinearProblem at line 361 column 30
    stepFunction at line 739 column 39
    stepFunction at line 307 column 25
    solveMinistep at line 373 column 37
    solveTimestep at line 209 column 39
    simulateScheduleAD at line 295 column 29
    run_diffusion at line 147 column 28
    run at line 93 column 5

warning: matrix singular to machine precision, rcond = 6.77735e-17
warning: called from
    solveLinearSystem at line 21 column 19
    solveLinearProblem at line 361 column 30
    stepFunction at line 739 column 39
    stepFunction at line 307 column 25
    solveMinistep at line 373 column 37
    solveTimestep at line 209 column 39
    simulateScheduleAD at line 295 column 29
    run_diffusion at line 147 column 28
    run at line 93 column 5

warning: matrix singular to machine precision, rcond = 1.39469e-18
warning: called from
    solveLinearSystem at line 21 column 19
    solveLinearProblem at line 361 column 30
    stepFunction at line 739 column 39
    stepFunction at line 307 column 25
    solveMinistep at line 373 column 37
    solveTimestep at line 209 column 39
    simulateScheduleAD at line 295 column 29
    run_diffusion at line 147 column 28
    run at line 93 column 5

warning: matrix singular to machine precision, rcond = 6.19989e-17
warning: called from
    solveLinearSystem at line 21 column 19
    solveLinearProblem at line 361 column 30
    stepFunction at line 739 column 39
    stepFunction at line 307 column 25
    solveMinistep at line 373 column 37
    solveTimestep at line 209 column 39
    simulateScheduleAD at line 295 column 29
    run_diffusion at line 147 column 28
    run at line 93 column 5

warning: matrix singular to machine precision, rcond = 2.23991e-17
warning: called from
    solveLinearSystem at line 21 column 19
    solveLinearProblem at line 361 column 30
    stepFunction at line 739 column 39
    stepFunction at line 307 column 25
    solveMinistep at line 373 column 37
    solveTimestep at line 209 column 39
    simulateScheduleAD at line 295 column 29
    run_diffusion at line 147 column 28
    run at line 93 column 5

warning: matrix singular to machine precision, rcond = 2.51865e-17
warning: called from
    solveLinearSystem at line 21 column 19
    solveLinearProblem at line 361 column 30
    stepFunction at line 739 column 39
    stepFunction at line 307 column 25
    solveMinistep at line 373 column 37
    solveTimestep at line 209 column 39
    simulateScheduleAD at line 295 column 29
    run_diffusion at line 147 column 28
    run at line 93 column 5

warning: matrix singular to machine precision, rcond = 1.44778e-17
warning: called from
    solveLinearSystem at line 21 column 19
    solveLinearProblem at line 361 column 30
    stepFunction at line 739 column 39
    stepFunction at line 307 column 25
    solveMinistep at line 373 column 37
    solveTimestep at line 209 column 39
    simulateScheduleAD at line 295 column 29
    run_diffusion at line 147 column 28
    run at line 93 column 5

warning: matrix singular to machine precision, rcond = 1.29856e-17
warning: called from
    solveLinearSystem at line 21 column 19
    solveLinearProblem at line 361 column 30
    stepFunction at line 739 column 39
    stepFunction at line 307 column 25
    solveMinistep at line 373 column 37
    solveTimestep at line 209 column 39
    simulateScheduleAD at line 295 column 29
    run_diffusion at line 147 column 28
    run at line 93 column 5

warning: matrix singular to machine precision, rcond = 2.50958e-17
warning: called from
    solveLinearSystem at line 21 column 19
    solveLinearProblem at line 361 column 30
    stepFunction at line 739 column 39
    stepFunction at line 307 column 25
    solveMinistep at line 373 column 37
    solveTimestep at line 209 column 39
    simulateScheduleAD at line 295 column 29
    run_diffusion at line 147 column 28
    run at line 93 column 5

warning: matrix singular to machine precision, rcond = 2.14684e-17
warning: called from
    solveLinearSystem at line 21 column 19
    solveLinearProblem at line 361 column 30
    stepFunction at line 739 column 39
    stepFunction at line 307 column 25
    solveMinistep at line 373 column 37
    solveTimestep at line 209 column 39
    simulateScheduleAD at line 295 column 29
    run_diffusion at line 147 column 28
    run at line 93 column 5

warning: matrix singular to machine precision, rcond = 1.91646e-17
warning: called from
    solveLinearSystem at line 21 column 19
    solveLinearProblem at line 361 column 30
    stepFunction at line 739 column 39
    stepFunction at line 307 column 25
    solveMinistep at line 373 column 37
    solveTimestep at line 209 column 39
    simulateScheduleAD at line 295 column 29
    run_diffusion at line 147 column 28
    run at line 93 column 5

warning: matrix singular to machine precision, rcond = 2.46747e-18
warning: called from
    solveLinearSystem at line 21 column 19
    solveLinearProblem at line 361 column 30
    stepFunction at line 739 column 39
    stepFunction at line 307 column 25
    solveMinistep at line 373 column 37
    solveTimestep at line 209 column 39
    simulateScheduleAD at line 295 column 29
    run_diffusion at line 147 column 28
    run at line 93 column 5

warning: matrix singular to machine precision, rcond = 1.35666e-18
warning: called from
    solveLinearSystem at line 21 column 19
    solveLinearProblem at line 361 column 30
    stepFunction at line 739 column 39
    stepFunction at line 307 column 25
    solveMinistep at line 373 column 37
    solveTimestep at line 209 column 39
    simulateScheduleAD at line 295 column 29
    run_diffusion at line 147 column 28
    run at line 93 column 5

warning: matrix singular to machine precision, rcond = 1.5057e-17
warning: called from
    solveLinearSystem at line 21 column 19
    solveLinearProblem at line 361 column 30
    stepFunction at line 739 column 39
    stepFunction at line 307 column 25
    solveMinistep at line 373 column 37
    solveTimestep at line 209 column 39
    simulateScheduleAD at line 295 column 29
    run_diffusion at line 147 column 28
    run at line 93 column 5

warning: matrix singular to machine precision, rcond = 4.20748e-18
warning: called from
    solveLinearSystem at line 21 column 19
    solveLinearProblem at line 361 column 30
    stepFunction at line 739 column 39
    stepFunction at line 307 column 25
    solveMinistep at line 373 column 37
    solveTimestep at line 209 column 39
    simulateScheduleAD at line 295 column 29
    run_diffusion at line 147 column 28
    run at line 93 column 5

warning: matrix singular to machine precision, rcond = 1.20156e-17
warning: called from
    solveLinearSystem at line 21 column 19
    solveLinearProblem at line 361 column 30
    stepFunction at line 739 column 39
    stepFunction at line 307 column 25
    solveMinistep at line 373 column 37
    solveTimestep at line 209 column 39
    simulateScheduleAD at line 295 column 29
    run_diffusion at line 147 column 28
    run at line 93 column 5

warning: matrix singular to machine precision, rcond = 7.28598e-19
warning: called from
    solveLinearSystem at line 21 column 19
    solveLinearProblem at line 361 column 30
    stepFunction at line 739 column 39
    stepFunction at line 307 column 25
    solveMinistep at line 373 column 37
    solveTimestep at line 209 column 39
    simulateScheduleAD at line 295 column 29
    run_diffusion at line 147 column 28
    run at line 93 column 5

warning: matrix singular to machine precision, rcond = 1.74228e-20
warning: called from
    solveLinearSystem at line 21 column 19
    solveLinearProblem at line 361 column 30
    stepFunction at line 739 column 39
    stepFunction at line 307 column 25
    solveMinistep at line 373 column 37
    solveTimestep at line 209 column 39
    simulateScheduleAD at line 295 column 29
    run_diffusion at line 147 column 28
    run at line 93 column 5

warning: matrix singular to machine precision, rcond = 1.24579e-17
warning: called from
    solveLinearSystem at line 21 column 19
    solveLinearProblem at line 361 column 30
    stepFunction at line 739 column 39
    stepFunction at line 307 column 25
    solveMinistep at line 373 column 37
    solveTimestep at line 209 column 39
    simulateScheduleAD at line 295 column 29
    run_diffusion at line 147 column 28
    run at line 93 column 5

Solving timestep 28/69: 23 Hours -> 1 Day
warning: matrix singular to machine precision, rcond = 8.02134e-18
warning: called from
    solveLinearSystem at line 21 column 19
    solveLinearProblem at line 361 column 30
    stepFunction at line 739 column 39
    stepFunction at line 307 column 25
    solveMinistep at line 373 column 37
    solveTimestep at line 209 column 39
    simulateScheduleAD at line 295 column 29
    run_diffusion at line 147 column 28
    run at line 93 column 5

warning: matrix singular to machine precision, rcond = 1.46108e-17
warning: called from
    solveLinearSystem at line 21 column 19
    solveLinearProblem at line 361 column 30
    stepFunction at line 739 column 39
    stepFunction at line 307 column 25
    solveMinistep at line 373 column 37
    solveTimestep at line 209 column 39
    simulateScheduleAD at line 295 column 29
    run_diffusion at line 147 column 28
    run at line 93 column 5

warning: matrix singular to machine precision, rcond = 1.91738e-18
warning: called from
    solveLinearSystem at line 21 column 19
    solveLinearProblem at line 361 column 30
    stepFunction at line 739 column 39
    stepFunction at line 307 column 25
    solveMinistep at line 373 column 37
    solveTimestep at line 209 column 39
    simulateScheduleAD at line 295 column 29
    run_diffusion at line 147 column 28
    run at line 93 column 5

warning: matrix singular to machine precision, rcond = 1.17849e-17
warning: called from
    solveLinearSystem at line 21 column 19
    solveLinearProblem at line 361 column 30
    stepFunction at line 739 column 39
    stepFunction at line 307 column 25
    solveMinistep at line 373 column 37
    solveTimestep at line 209 column 39
    simulateScheduleAD at line 295 column 29
    run_diffusion at line 147 column 28
    run at line 93 column 5

warning: matrix singular to machine precision, rcond = 1.08463e-17
warning: called from
    solveLinearSystem at line 21 column 19
    solveLinearProblem at line 361 column 30
    stepFunction at line 739 column 39
    stepFunction at line 307 column 25
    solveMinistep at line 373 column 37
    solveTimestep at line 209 column 39
    simulateScheduleAD at line 295 column 29
    run_diffusion at line 147 column 28
    run at line 93 column 5

warning: matrix singular to machine precision, rcond = 1.64057e-17
warning: called from
    solveLinearSystem at line 21 column 19
    solveLinearProblem at line 361 column 30
    stepFunction at line 739 column 39
    stepFunction at line 307 column 25
    solveMinistep at line 373 column 37
    solveTimestep at line 209 column 39
    simulateScheduleAD at line 295 column 29
    run_diffusion at line 147 column 28
    run at line 93 column 5

warning: matrix singular to machine precision, rcond = 2.61419e-18
warning: called from
    solveLinearSystem at line 21 column 19
    solveLinearProblem at line 361 column 30
    stepFunction at line 739 column 39
    stepFunction at line 307 column 25
    solveMinistep at line 373 column 37
    solveTimestep at line 209 column 39
    simulateScheduleAD at line 295 column 29
    run_diffusion at line 147 column 28
    run at line 93 column 5

warning: matrix singular to machine precision, rcond = 2.49155e-18
warning: called from
    solveLinearSystem at line 21 column 19
    solveLinearProblem at line 361 column 30
    stepFunction at line 739 column 39
    stepFunction at line 307 column 25
    solveMinistep at line 373 column 37
    solveTimestep at line 209 column 39
    simulateScheduleAD at line 295 column 29
    run_diffusion at line 147 column 28
    run at line 93 column 5

warning: matrix singular to machine precision, rcond = 1.71216e-17
warning: called from
    solveLinearSystem at line 21 column 19
    solveLinearProblem at line 361 column 30
    stepFunction at line 739 column 39
    stepFunction at line 307 column 25
    solveMinistep at line 373 column 37
    solveTimestep at line 209 column 39
    simulateScheduleAD at line 295 column 29
    run_diffusion at line 147 column 28
    run at line 93 column 5

warning: matrix singular to machine precision, rcond = 7.66309e-17
warning: called from
    solveLinearSystem at line 21 column 19
    solveLinearProblem at line 361 column 30
    stepFunction at line 739 column 39
    stepFunction at line 307 column 25
    solveMinistep at line 373 column 37
    solveTimestep at line 209 column 39
    simulateScheduleAD at line 295 column 29
    run_diffusion at line 147 column 28
    run at line 93 column 5

warning: matrix singular to machine precision, rcond = 2.02774e-17
warning: called from
    solveLinearSystem at line 21 column 19
    solveLinearProblem at line 361 column 30
    stepFunction at line 739 column 39
    stepFunction at line 307 column 25
    solveMinistep at line 373 column 37
    solveTimestep at line 209 column 39
    simulateScheduleAD at line 295 column 29
    run_diffusion at line 147 column 28
    run at line 93 column 5

warning: matrix singular to machine precision, rcond = 2.73774e-18
warning: called from
    solveLinearSystem at line 21 column 19
    solveLinearProblem at line 361 column 30
    stepFunction at line 739 column 39
    stepFunction at line 307 column 25
    solveMinistep at line 373 column 37
    solveTimestep at line 209 column 39
    simulateScheduleAD at line 295 column 29
    run_diffusion at line 147 column 28
    run at line 93 column 5

warning: matrix singular to machine precision, rcond = 3.24983e-18
warning: called from
    solveLinearSystem at line 21 column 19
    solveLinearProblem at line 361 column 30
    stepFunction at line 739 column 39
    stepFunction at line 307 column 25
    solveMinistep at line 373 column 37
    solveTimestep at line 209 column 39
    simulateScheduleAD at line 295 column 29
    run_diffusion at line 147 column 28
    run at line 93 column 5

warning: matrix singular to machine precision, rcond = 1.74071e-17
warning: called from
    solveLinearSystem at line 21 column 19
    solveLinearProblem at line 361 column 30
    stepFunction at line 739 column 39
    stepFunction at line 307 column 25
    solveMinistep at line 373 column 37
    solveTimestep at line 209 column 39
    simulateScheduleAD at line 295 column 29
    run_diffusion at line 147 column 28
    run at line 93 column 5

warning: matrix singular to machine precision, rcond = 3.97715e-17
warning: called from
    solveLinearSystem at line 21 column 19
    solveLinearProblem at line 361 column 30
    stepFunction at line 739 column 39
    stepFunction at line 307 column 25
    solveMinistep at line 373 column 37
    solveTimestep at line 209 column 39
    simulateScheduleAD at line 295 column 29
    run_diffusion at line 147 column 28
    run at line 93 column 5

warning: matrix singular to machine precision, rcond = 9.50726e-18
warning: called from
    solveLinearSystem at line 21 column 19
    solveLinearProblem at line 361 column 30
    stepFunction at line 739 column 39
    stepFunction at line 307 column 25
    solveMinistep at line 373 column 37
    solveTimestep at line 209 column 39
    simulateScheduleAD at line 295 column 29
    run_diffusion at line 147 column 28
    run at line 93 column 5

warning: matrix singular to machine precision, rcond = 1.65646e-19
warning: called from
    solveLinearSystem at line 21 column 19
    solveLinearProblem at line 361 column 30
    stepFunction at line 739 column 39
    stepFunction at line 307 column 25
    solveMinistep at line 373 column 37
    solveTimestep at line 209 column 39
    simulateScheduleAD at line 295 column 29
    run_diffusion at line 147 column 28
    run at line 93 column 5

warning: matrix singular to machine precision, rcond = 1.50738e-17
warning: called from
    solveLinearSystem at line 21 column 19
    solveLinearProblem at line 361 column 30
    stepFunction at line 739 column 39
    stepFunction at line 307 column 25
    solveMinistep at line 373 column 37
    solveTimestep at line 209 column 39
    simulateScheduleAD at line 295 column 29
    run_diffusion at line 147 column 28
    run at line 93 column 5

warning: matrix singular to machine precision, rcond = 1.4845e-17
warning: called from
    solveLinearSystem at line 21 column 19
    solveLinearProblem at line 361 column 30
    stepFunction at line 739 column 39
    stepFunction at line 307 column 25
    solveMinistep at line 373 column 37
    solveTimestep at line 209 column 39
    simulateScheduleAD at line 295 column 29
    run_diffusion at line 147 column 28
    run at line 93 column 5

warning: matrix singular to machine precision, rcond = 4.59345e-17
warning: called from
    solveLinearSystem at line 21 column 19
    solveLinearProblem at line 361 column 30
    stepFunction at line 739 column 39
    stepFunction at line 307 column 25
    solveMinistep at line 373 column 37
    solveTimestep at line 209 column 39
    simulateScheduleAD at line 295 column 29
    run_diffusion at line 147 column 28
    run at line 93 column 5

Solving timestep 29/69: 1 Day   -> 1 Day, 300 Seconds
Solving timestep 30/69: 1 Day, 300 Seconds -> 1 Day, 600 Seconds
Solving timestep 31/69: 1 Day, 600 Seconds -> 1 Day, 900 Seconds
Solving timestep 32/69: 1 Day, 900 Seconds -> 1 Day, 1200 Seconds
Solving timestep 33/69: 1 Day, 1200 Seconds -> 1 Day, 1500 Seconds
Solving timestep 34/69: 1 Day, 1500 Seconds -> 1 Day, 1 Hour
Solving timestep 35/69: 1 Day, 1 Hour -> 1 Day, 2 Hours
Solving timestep 36/69: 1 Day, 2 Hours -> 1 Day, 4 Hours
Solving timestep 37/69: 1 Day, 4 Hours -> 1 Day, 8 Hours
Solver did not converge in 10 iterations for timestep of length 1 Hour, 476 Seconds, 498 Milliseconds. Cutting timestep.
Solver did not converge in 10 iterations for timestep of length 2208 Seconds, 103 Milliseconds. Cutting timestep.
Solving timestep 38/69: 1 Day, 8 Hours -> 1 Day, 12 Hours
Solving timestep 39/69: 1 Day, 12 Hours -> 1 Day, 16 Hours
Solving timestep 40/69: 1 Day, 16 Hours -> 2 Days
Solving timestep 41/69: 2 Days  -> 2 Days, 12 Hours
Solver did not converge in 10 iterations for timestep of length 4 Hours, 3533 Seconds, 28 Milliseconds. Cutting timestep.
Solver did not converge in 10 iterations for timestep of length 2 Hours, 1766 Seconds, 514 Milliseconds. Cutting timestep.
Solving timestep 42/69: 2 Days, 12 Hours -> 3 Days
Solving timestep 43/69: 3 Days  -> 4 Days
Solver did not converge in 10 iterations for timestep of length 9 Hours, 3075 Seconds, 587 Milliseconds. Cutting timestep.
Solver did not converge in 10 iterations for timestep of length 5 Hours, 2962 Seconds, 847 Milliseconds. Cutting timestep.
Solver did not converge in 10 iterations for timestep of length 2 Hours, 3281 Seconds, 423 Milliseconds. Cutting timestep.
Solving timestep 44/69: 4 Days  -> 5 Days
Solver did not converge in 10 iterations for timestep of length 8 Hours, 4 Seconds, 281 Milliseconds. Cutting timestep.
Solving timestep 45/69: 5 Days  -> 6 Days
Solving timestep 46/69: 6 Days  -> 7 Days
Solving timestep 47/69: 7 Days  -> 8 Days
Solving timestep 48/69: 8 Days  -> 9 Days
Solver did not converge in 10 iterations for timestep of length 22 Hours, 1639 Seconds, 471 Milliseconds. Cutting timestep.
Solver did not converge in 10 iterations for timestep of length 9 Hours, 2630 Seconds, 437 Milliseconds. Cutting timestep.
Solving timestep 49/69: 9 Days  -> 10 Days
Solving timestep 50/69: 10 Days -> 11 Days
Solver did not converge in 10 iterations for timestep of length 8 Hours, 753 Seconds, 162 Milliseconds. Cutting timestep.
Solving timestep 51/69: 11 Days -> 12 Days
Solving timestep 52/69: 12 Days -> 13 Days
Solver did not converge in 10 iterations for timestep of length 12 Hours, 277 Seconds, 729 Milliseconds. Cutting timestep.
Solver did not converge in 10 iterations for timestep of length 9 Hours, 2925 Seconds, 655 Milliseconds. Cutting timestep.
Solver did not converge in 10 iterations for timestep of length 4 Hours, 3262 Seconds, 827 Milliseconds. Cutting timestep.
Solver did not converge in 10 iterations for timestep of length 7 Hours, 3502 Seconds, 94 Milliseconds. Cutting timestep.
Solver did not converge in 10 iterations for timestep of length 5 Hours, 2729 Seconds, 290 Milliseconds. Cutting timestep.
Solver did not converge in 10 iterations for timestep of length 4 Hours, 2362 Seconds, 981 Milliseconds. Cutting timestep.
Solving timestep 53/69: 13 Days -> 14 Days
Solver did not converge in 10 iterations for timestep of length 9 Hours, 3011 Seconds, 798 Milliseconds. Cutting timestep.
Solving timestep 54/69: 14 Days -> 15 Days
Solving timestep 55/69: 15 Days -> 16 Days
Solver did not converge in 10 iterations for timestep of length 9 Hours, 724 Seconds, 6 Milliseconds. Cutting timestep.
Solver did not converge in 10 iterations for timestep of length 5 Hours, 3530 Seconds, 604 Milliseconds. Cutting timestep.
Solving timestep 56/69: 16 Days -> 17 Days
Solver did not converge in 10 iterations for timestep of length 12 Hours, 1905 Seconds, 952 Milliseconds. Cutting timestep.
Solver did not converge in 10 iterations for timestep of length 9 Hours, 1882 Seconds, 813 Milliseconds. Cutting timestep.
Solving timestep 57/69: 17 Days -> 18 Days
Solver did not converge in 10 iterations for timestep of length 7 Hours, 1540 Seconds, 594 Milliseconds. Cutting timestep.
Solver did not converge in 10 iterations for timestep of length 4 Hours, 1919 Seconds, 190 Milliseconds. Cutting timestep.
Solver did not converge in 10 iterations for timestep of length 2 Hours, 959 Seconds, 595 Milliseconds. Cutting timestep.
Solving timestep 58/69: 18 Days -> 19 Days
Solver did not converge in 10 iterations for timestep of length 2 Hours, 2321 Seconds, 277 Milliseconds. Cutting timestep.
Solving timestep 59/69: 19 Days -> 20 Days
Solver did not converge in 10 iterations for timestep of length 3 Hours, 292 Seconds, 163 Milliseconds. Cutting timestep.
Solving timestep 60/69: 20 Days -> 21 Days
Solver did not converge in 10 iterations for timestep of length 6 Hours, 287 Seconds, 982 Milliseconds. Cutting timestep.
Solver did not converge in 10 iterations for timestep of length 5 Hours, 1496 Seconds, 23 Milliseconds. Cutting timestep.
Solving timestep 61/69: 21 Days -> 22 Days
Solver did not converge in 10 iterations for timestep of length 6 Hours, 1280 Seconds, 750 Milliseconds. Cutting timestep.
Solving timestep 62/69: 22 Days -> 23 Days
Solver did not converge in 10 iterations for timestep of length 1 Day. Cutting timestep.
Solver did not converge in 10 iterations for timestep of length 12 Hours. Cutting timestep.
Solver did not converge in 10 iterations for timestep of length 9 Hours, 2700 Seconds. Cutting timestep.
Solver did not converge in 10 iterations for timestep of length 4 Hours, 3150 Seconds. Cutting timestep.
Solver did not converge in 10 iterations for timestep of length 4 Hours, 1896 Seconds, 428 Milliseconds. Cutting timestep.
Solver did not converge in 10 iterations for timestep of length 2 Hours, 948 Seconds, 214 Milliseconds. Cutting timestep.
Solver did not converge in 10 iterations for timestep of length 2 Hours, 366 Seconds, 198 Milliseconds. Cutting timestep.
Solver did not converge in 10 iterations for timestep of length 2408 Seconds, 210 Milliseconds. Cutting timestep.
Solver did not converge in 10 iterations for timestep of length 1204 Seconds, 105 Milliseconds. Cutting timestep.
Solver did not converge in 10 iterations for timestep of length 1204 Seconds, 105 Milliseconds. Cutting timestep.
Solver did not converge in 10 iterations for timestep of length 978 Seconds, 335 Milliseconds. Cutting timestep.
Solver did not converge in 10 iterations for timestep of length 4 Hours, 308 Seconds, 826 Milliseconds. Cutting timestep.
Solver did not converge in 10 iterations for timestep of length 3 Hours, 2858 Seconds, 195 Milliseconds. Cutting timestep.
Solver did not converge in 10 iterations for timestep of length 1 Hour, 3229 Seconds, 97 Milliseconds. Cutting timestep.
Solver did not converge in 10 iterations for timestep of length 3414 Seconds, 548 Milliseconds. Cutting timestep.
Solver did not converge in 10 iterations for timestep of length 2959 Seconds, 275 Milliseconds. Cutting timestep.
Solver did not converge in 10 iterations for timestep of length 2564 Seconds, 705 Milliseconds. Cutting timestep.
Solver did not converge in 10 iterations for timestep of length 1282 Seconds, 352 Milliseconds. Cutting timestep.
Solver did not converge in 10 iterations for timestep of length 1111 Seconds, 372 Milliseconds. Cutting timestep.
Solving timestep 63/69: 23 Days -> 24 Days
Solver did not converge in 10 iterations for timestep of length 4 Hours, 2111 Seconds, 819 Milliseconds. Cutting timestep.
Solver did not converge in 10 iterations for timestep of length 2 Hours, 1055 Seconds, 909 Milliseconds. Cutting timestep.
Solver did not converge in 10 iterations for timestep of length 3577 Seconds, 560 Milliseconds. Cutting timestep.
Solver did not converge in 10 iterations for timestep of length 1941 Seconds, 400 Milliseconds. Cutting timestep.
Solver did not converge in 10 iterations for timestep of length 1682 Seconds, 547 Milliseconds. Cutting timestep.
Solver did not converge in 10 iterations for timestep of length 4 Hours, 39 Seconds, 672 Milliseconds. Cutting timestep.
Solver did not converge in 10 iterations for timestep of length 2 Hours, 738 Seconds, 447 Milliseconds. Cutting timestep.
Solver did not converge in 10 iterations for timestep of length 1 Hour, 369 Seconds, 223 Milliseconds. Cutting timestep.
Solver did not converge in 10 iterations for timestep of length 1984 Seconds, 611 Milliseconds. Cutting timestep.
Solver did not converge in 10 iterations for timestep of length 1984 Seconds, 611 Milliseconds. Cutting timestep.
Solver did not converge in 10 iterations for timestep of length 1984 Seconds, 611 Milliseconds. Cutting timestep.
Solving timestep 64/69: 24 Days -> 25 Days
Solver did not converge in 10 iterations for timestep of length 2 Hours, 3067 Seconds, 328 Milliseconds. Cutting timestep.
Solver did not converge in 10 iterations for timestep of length 1 Hour, 1533 Seconds, 664 Milliseconds. Cutting timestep.
Solver did not converge in 10 iterations for timestep of length 2566 Seconds, 832 Milliseconds. Cutting timestep.
Solver did not converge in 10 iterations for timestep of length 1283 Seconds, 416 Milliseconds. Cutting timestep.
Solver did not converge in 10 iterations for timestep of length 1283 Seconds, 416 Milliseconds. Cutting timestep.
Solver did not converge in 10 iterations for timestep of length 1283 Seconds, 416 Milliseconds. Cutting timestep.
Solver did not converge in 10 iterations for timestep of length 4 Hours, 1712 Seconds, 372 Milliseconds. Cutting timestep.
Solver did not converge in 10 iterations for timestep of length 2 Hours, 856 Seconds, 186 Milliseconds. Cutting timestep.
Solver did not converge in 10 iterations for timestep of length 1 Hour, 428 Seconds, 93 Milliseconds. Cutting timestep.
Solver did not converge in 10 iterations for timestep of length 2014 Seconds, 46 Milliseconds. Cutting timestep.
Solver did not converge in 10 iterations for timestep of length 4 Hours, 3158 Seconds, 969 Milliseconds. Cutting timestep.
Solver did not converge in 10 iterations for timestep of length 2 Hours, 408 Seconds, 886 Milliseconds. Cutting timestep.
Solver did not converge in 10 iterations for timestep of length 1 Hour, 204 Seconds, 443 Milliseconds. Cutting timestep.
Solver did not converge in 10 iterations for timestep of length 1902 Seconds, 221 Milliseconds. Cutting timestep.
Solver did not converge in 10 iterations for timestep of length 1766 Seconds, 348 Milliseconds. Cutting timestep.
Solver did not converge in 10 iterations for timestep of length 2 Hours, 2160 Seconds, 107 Milliseconds. Cutting timestep.
Solver did not converge in 10 iterations for timestep of length 1 Hour, 1080 Seconds, 53 Milliseconds. Cutting timestep.
Solver did not converge in 10 iterations for timestep of length 2028 Seconds, 23 Milliseconds. Cutting timestep.
Solver did not converge in 10 iterations for timestep of length 1757 Seconds, 620 Milliseconds. Cutting timestep.
Solver did not converge in 10 iterations for timestep of length 1038 Seconds, 593 Milliseconds. Cutting timestep.
Solver did not converge in 10 iterations for timestep of length 1038 Seconds, 593 Milliseconds. Cutting timestep.
Solving timestep 65/69: 25 Days -> 26 Days
Solver did not converge in 10 iterations for timestep of length 5 Hours, 1216 Seconds, 385 Milliseconds. Cutting timestep.
Solver did not converge in 10 iterations for timestep of length 2 Hours, 2408 Seconds, 192 Milliseconds. Cutting timestep.
Solver did not converge in 10 iterations for timestep of length 1 Hour, 1204 Seconds, 96 Milliseconds. Cutting timestep.
Solver did not converge in 10 iterations for timestep of length 3528 Seconds, 631 Milliseconds. Cutting timestep.
Solver did not converge in 10 iterations for timestep of length 1462 Seconds, 208 Milliseconds. Cutting timestep.
Solver did not converge in 10 iterations for timestep of length 1056 Seconds, 39 Milliseconds. Cutting timestep.
Solver did not converge in 10 iterations for timestep of length 980 Seconds, 608 Milliseconds. Cutting timestep.
Solving timestep 66/69: 26 Days -> 27 Days
Solver did not converge in 10 iterations for timestep of length 3 Hours, 1703 Seconds, 192 Milliseconds. Cutting timestep.
Solver did not converge in 10 iterations for timestep of length 1 Hour, 1444 Seconds, 122 Milliseconds. Cutting timestep.
Solver did not converge in 10 iterations for timestep of length 3358 Seconds, 213 Milliseconds. Cutting timestep.
Solver did not converge in 10 iterations for timestep of length 1679 Seconds, 106 Milliseconds. Cutting timestep.
Solver did not converge in 10 iterations for timestep of length 1559 Seconds, 170 Milliseconds. Cutting timestep.
Solver did not converge in 10 iterations for timestep of length 1447 Seconds, 801 Milliseconds. Cutting timestep.
Solving timestep 67/69: 27 Days -> 28 Days
Solver did not converge in 10 iterations for timestep of length 5 Hours, 1179 Seconds, 339 Milliseconds. Cutting timestep.
Solver did not converge in 10 iterations for timestep of length 8 Hours, 2366 Seconds, 426 Milliseconds. Cutting timestep.
Solver did not converge in 10 iterations for timestep of length 4 Hours, 1183 Seconds, 213 Milliseconds. Cutting timestep.
Solver did not converge in 10 iterations for timestep of length 5 Hours, 2210 Seconds, 342 Milliseconds. Cutting timestep.
Solver did not converge in 10 iterations for timestep of length 4 Hours, 2020 Seconds, 903 Milliseconds. Cutting timestep.
Solver did not converge in 10 iterations for timestep of length 2 Hours, 1010 Seconds, 451 Milliseconds. Cutting timestep.
Solver did not converge in 10 iterations for timestep of length 2 Hours, 423 Seconds, 990 Milliseconds. Cutting timestep.
Solver did not converge in 10 iterations for timestep of length 1 Hour, 211 Seconds, 995 Milliseconds. Cutting timestep.
Solving timestep 68/69: 28 Days -> 29 Days
Solver did not converge in 10 iterations for timestep of length 4 Hours, 139 Seconds, 850 Milliseconds. Cutting timestep.
Solving timestep 69/69: 29 Days -> 30 Days
Solver did not converge in 10 iterations for timestep of length 6 Hours, 1940 Seconds, 260 Milliseconds. Cutting timestep.
Solver did not converge in 10 iterations for timestep of length 4 Hours, 2601 Seconds, 299 Milliseconds. Cutting timestep.
Solver did not converge in 10 iterations for timestep of length 3 Hours, 1478 Seconds, 716 Milliseconds. Cutting timestep.
Solver did not converge in 10 iterations for timestep of length 3 Hours, 601 Seconds, 665 Milliseconds. Cutting timestep.
Solver did not converge in 10 iterations for timestep of length 1 Hour, 2100 Seconds, 832 Milliseconds. Cutting timestep.
Solver did not converge in 10 iterations for timestep of length 1 Hour, 2100 Seconds, 832 Milliseconds. Cutting timestep.
Solver did not converge in 10 iterations for timestep of length 2850 Seconds, 416 Milliseconds. Cutting timestep.
Solver did not converge in 10 iterations for timestep of length 2646 Seconds, 815 Milliseconds. Cutting timestep.
Solver did not converge in 10 iterations for timestep of length 2150 Seconds, 537 Milliseconds. Cutting timestep.
Solver did not converge in 10 iterations for timestep of length 1075 Seconds, 268 Milliseconds. Cutting timestep.
Solver did not converge in 10 iterations for timestep of length 998 Seconds, 463 Milliseconds. Cutting timestep.
Solver did not converge in 10 iterations for timestep of length 998 Seconds, 463 Milliseconds. Cutting timestep.
Solver did not converge in 10 iterations for timestep of length 998 Seconds, 463 Milliseconds. Cutting timestep.
Solver did not converge in 10 iterations for timestep of length 927 Seconds, 144 Milliseconds. Cutting timestep.
*** Simulation complete. Solved 69 control steps in 3531 Seconds, 677 Milliseconds ***

Simulation done in 3531.7 s (69 steps)
Saved diff_fine_D0.mat | max rs final = 29.2460 | max sg final = 0.950
